-- phpMyAdmin SQL Dump
-- version 5.1.0
-- https://www.phpmyadmin.net/
--
-- Servidor: 127.0.0.1
-- Tiempo de generación: 28-11-2021 a las 06:54:33
-- Versión del servidor: 10.4.18-MariaDB
-- Versión de PHP: 8.0.7

SET SQL_MODE = "NO_AUTO_VALUE_ON_ZERO";
START TRANSACTION;
SET time_zone = "+00:00";


/*!40101 SET @OLD_CHARACTER_SET_CLIENT=@@CHARACTER_SET_CLIENT */;
/*!40101 SET @OLD_CHARACTER_SET_RESULTS=@@CHARACTER_SET_RESULTS */;
/*!40101 SET @OLD_COLLATION_CONNECTION=@@COLLATION_CONNECTION */;
/*!40101 SET NAMES utf8mb4 */;

--
-- Base de datos: `prueba_veterinaria`
--

-- --------------------------------------------------------

--
-- Estructura de tabla para la tabla `attention_details`
--

use  db_veterinaria;

CREATE TABLE `attention_details` (
  `id` bigint(20) UNSIGNED NOT NULL,
  `diagnosis` text COLLATE utf8mb4_unicode_ci NOT NULL,
  `description` text COLLATE utf8mb4_unicode_ci NOT NULL,
  `history_id` bigint(20) UNSIGNED NOT NULL,
  `reservation_id` bigint(20) UNSIGNED NOT NULL
) ENGINE=InnoDB DEFAULT CHARSET=utf8mb4 COLLATE=utf8mb4_unicode_ci;

--
-- Volcado de datos para la tabla `attention_details`
--

INSERT INTO `attention_details` (`id`, `diagnosis`, `description`, `history_id`, `reservation_id`) VALUES
(1, 'Iusto consequatur minus dolores autem. Sed eum necessitatibus et.', 'Voluptas nostrum nostrum laborum placeat et. Qui itaque voluptas quaerat voluptatem dolores ea qui. Ea quia ea dolore explicabo expedita.', 1, 288),
(2, 'Nam sed ratione aut ut quaerat. Harum voluptates voluptas eum quasi excepturi harum quae.', 'Rerum ducimus unde quas atque odit velit qui. Sapiente ab iure ut perspiciatis non.', 2, 136),
(3, 'Rerum eum enim dolores architecto. Et doloribus quod beatae saepe aperiam aliquam ea.', 'Temporibus voluptates rerum eaque corporis. Minima rem placeat et cumque fuga. Odit assumenda inventore voluptatem est.', 3, 158),
(4, 'Voluptatem corporis occaecati et recusandae unde. Sit repellendus laborum cupiditate.', 'Fuga iusto temporibus et quia saepe corporis. Aut cumque necessitatibus mollitia totam enim libero repellat ea.', 4, 62),
(5, 'Quia quam quisquam assumenda facilis explicabo voluptatum deserunt. Odit ullam aut laboriosam quis ut.', 'Sed voluptatum qui aspernatur ut dolores et. Ut provident asperiores molestiae. Quibusdam neque eius asperiores reiciendis quisquam mollitia a necessitatibus.', 5, 249),
(6, 'Nostrum repellat et ab eveniet. Saepe fuga est error velit.', 'Asperiores in fugit non. Quam nesciunt et aperiam.', 6, 259),
(7, 'Earum voluptatibus quam enim error architecto. Iste ad illum nulla possimus dolores omnis.', 'Suscipit adipisci eos dolorem exercitationem. Voluptas quis excepturi laboriosam soluta deleniti. Harum rerum voluptas animi et voluptates.', 7, 144),
(8, 'Amet accusamus molestias similique et inventore quisquam totam blanditiis. Quis quos sit minus aliquid officia optio qui.', 'Quam est consequatur odit et est aut qui. Ea quo rerum ut at.', 8, 144),
(9, 'Est ut quisquam placeat molestiae.', 'Omnis aut molestiae voluptatibus. Aperiam consequuntur facere nesciunt minima itaque magni quas.', 9, 278),
(10, 'Incidunt voluptatibus enim in aspernatur.', 'Placeat qui perferendis iure qui quia possimus non. Et itaque nobis et temporibus soluta accusamus. Consequatur ut ab non debitis.', 10, 117),
(11, 'Nesciunt magni ducimus nostrum deserunt itaque voluptatem quis. Quis eos eos earum id.', 'Est sint voluptatem nam ea. Corporis aut temporibus dolore dignissimos dolore itaque.', 11, 304),
(12, 'Iste accusamus consequatur exercitationem quis corrupti.', 'Sit quia ut corrupti corporis vitae. Delectus praesentium rerum rem suscipit modi non voluptatum. Possimus quia asperiores neque velit laudantium possimus omnis libero.', 12, 304),
(13, 'Consectetur labore aperiam rerum sequi.', 'Corrupti omnis qui est sed magni doloremque facilis. Libero aperiam velit numquam suscipit molestiae.', 13, 252),
(14, 'Rerum commodi velit similique sed quos eos quas explicabo.', 'Dolorum tenetur aut enim eveniet illo. Aut sit eveniet voluptatem fuga. Esse ut atque in enim qui.', 14, 276),
(15, 'Repellat cum dolores ipsa.', 'Temporibus doloremque quasi veniam deserunt nihil dolore accusantium. Aspernatur pariatur aliquam eius veniam ex praesentium.', 15, 293),
(16, 'Aut eos fugiat aut officia fuga consequatur.', 'Est quos temporibus accusantium quia et. Non praesentium non officia commodi in eveniet beatae. Sed quis in est repellat similique minima et.', 16, 20),
(17, 'Tenetur maxime aperiam eaque ea beatae dolorem consequatur. Saepe rerum sequi non qui omnis cum impedit.', 'Nobis perferendis nostrum aperiam ducimus et et eum. Quisquam voluptate impedit et ipsam corrupti eum delectus. Aut dignissimos et minima voluptatem.', 17, 75),
(18, 'Modi est aut ducimus officia. Non et maiores error et.', 'Nihil sit repudiandae sapiente aut laboriosam ad. Sed magnam sed quaerat voluptatibus. Molestiae doloribus quod repudiandae incidunt commodi.', 18, 85),
(19, 'Cum consequatur officiis ullam sit illo ullam ea. Aperiam dolor cum harum consequatur.', 'Magni qui sit minima qui velit sit. Dolor deleniti nobis odio mollitia et.', 19, 32),
(20, 'Pariatur suscipit maxime et hic inventore et.', 'Excepturi repellendus beatae reprehenderit. Corporis et voluptatem aut repellat omnis. Quia est natus velit illo cumque ut esse.', 20, 36),
(21, 'Perspiciatis similique consequuntur sed necessitatibus occaecati tempore minima. Sequi nulla omnis nemo molestiae.', 'Labore unde autem quo voluptas maiores rerum. Consequuntur beatae tenetur laborum a.', 21, 109),
(22, 'Totam error explicabo eos dolor consequatur.', 'Nulla quaerat est delectus aut enim error. Quo omnis iste voluptatem ducimus eaque facilis aut.', 22, 116),
(23, 'Facere ipsa labore hic.', 'Sint nobis molestiae quis explicabo omnis. Porro quis mollitia perferendis.', 23, 188),
(24, 'Laudantium facilis soluta iure atque. Vel asperiores quis architecto qui deleniti.', 'Reprehenderit fugit totam qui mollitia. Cum exercitationem est saepe expedita sed hic nulla.', 24, 46),
(25, 'Fugit molestiae sint modi quia autem accusamus et.', 'Nulla mollitia aut optio magnam enim. Consequuntur quia ducimus voluptas voluptas et qui nostrum unde.', 25, 160),
(26, 'Praesentium ea id alias sint molestias provident. Quae laborum vel sequi facilis quia.', 'Ea ut dolores ea debitis deleniti corporis esse. Sapiente illo optio magnam laborum dignissimos quaerat est. Labore perferendis nobis quaerat non deleniti.', 26, 330),
(27, 'Sint repudiandae itaque eius qui. Et dolores ut incidunt iure.', 'Et eaque est facilis sed nemo qui et. Fugiat eligendi sapiente maiores excepturi aut.', 27, 2),
(28, 'Dolorem id ratione aliquid repudiandae consequatur est consequatur dolor. Vel autem et animi.', 'Natus delectus corporis fugiat magni. Voluptatem cum odit odio excepturi esse.', 28, 86),
(29, 'Odit animi qui veniam nam quaerat molestias.', 'Excepturi rerum deserunt maiores rem. Nisi modi dignissimos saepe et recusandae. Voluptatibus sapiente velit laboriosam explicabo veniam dolore sed rerum.', 29, 216),
(30, 'Aperiam voluptas incidunt non pariatur magni perferendis adipisci.', 'Ut sit perferendis saepe pariatur. Reiciendis deserunt nostrum similique explicabo et. Recusandae soluta cum voluptas sunt nulla atque.', 30, 331),
(31, 'Est in atque error suscipit.', 'Amet fugiat saepe quia temporibus aspernatur blanditiis cum. Et occaecati quo optio maxime consectetur perferendis ut. Est et eum ratione vel.', 31, 343),
(32, 'Sunt voluptatem sit aut voluptas sit.', 'Exercitationem et enim ut sint id rem adipisci. Rerum molestiae autem consequatur aut.', 32, 358),
(33, 'Excepturi similique laboriosam corrupti et ad ipsum. Maxime officiis necessitatibus nobis perspiciatis.', 'Distinctio iure eligendi natus molestias. Quia commodi voluptas sequi non atque reiciendis nihil veniam.', 33, 283),
(34, 'Unde iusto dolores doloremque magnam aperiam soluta. Ducimus blanditiis iste repellendus et cumque vitae quia eaque.', 'Sed aut corrupti nulla alias est. Maxime recusandae voluptas iusto sit. Maxime asperiores voluptatem voluptatibus dolores rerum molestiae qui alias.', 34, 332),
(35, 'Illo laudantium laudantium rem.', 'Accusantium corrupti qui assumenda et quos dolore. Doloribus repudiandae ab aliquam quidem quos. Qui similique dolor quisquam odio rerum corporis.', 35, 131),
(36, 'Enim sit saepe magnam iste adipisci tempore ipsa.', 'Autem sapiente nihil saepe et. Ea quaerat qui consequatur voluptatem fuga. Quasi et et nesciunt omnis.', 36, 149),
(37, 'Voluptas impedit est voluptatem sequi.', 'Quasi non maxime non recusandae magni quo porro nam. Rem earum odio saepe necessitatibus excepturi quis dolor. Molestias ipsa voluptatibus placeat alias.', 37, 291),
(38, 'Vel suscipit nesciunt vel minima eum est accusamus est.', 'Consectetur provident aliquam vitae voluptatem reiciendis quia vitae. Sint voluptatem assumenda aliquam nemo ab tempore tempora.', 38, 200),
(39, 'Vero quis architecto necessitatibus et ipsam soluta. Omnis saepe suscipit corporis in iusto.', 'Possimus facilis dolorum illum nesciunt. Delectus perspiciatis impedit aut cumque. Hic quibusdam nemo optio.', 39, 200),
(40, 'Esse placeat sunt asperiores nulla. Quibusdam eos corrupti corrupti numquam eum ut velit modi.', 'Qui natus omnis et ex sunt temporibus. Ex molestias corrupti aliquid quidem dolore molestiae. Quia sapiente placeat a sit doloremque numquam nihil.', 40, 200),
(41, 'Et quibusdam sint id harum exercitationem ut.', 'A similique accusantium ut repudiandae. Maiores veritatis nihil nemo distinctio et dignissimos voluptas exercitationem.', 41, 243),
(42, 'Est totam impedit voluptatem qui voluptas.', 'Quidem natus quos qui perspiciatis voluptate optio sunt. Omnis aut ipsum debitis tenetur minus.', 42, 180),
(43, 'Accusantium nihil dolore ea sed. Quis laudantium ea quas voluptatem eius eius.', 'Molestias earum veritatis est consequatur et. Aliquam quas numquam earum atque possimus nesciunt cupiditate. Corrupti illum velit voluptatum.', 43, 301),
(44, 'Amet possimus quo et in et.', 'Sit debitis animi est in. In temporibus voluptatibus iure harum eos numquam animi fugiat. Perspiciatis nihil sit assumenda ut quia soluta velit.', 44, 182),
(45, 'Blanditiis provident aliquid excepturi.', 'Qui ullam id incidunt quo aut. Quis saepe id non voluptas voluptatem totam. Aut sunt molestias exercitationem similique dolorum accusantium.', 45, 271),
(46, 'Laudantium qui quis in corporis at voluptatem. Et id eum repudiandae quasi quia laudantium.', 'Quam quam laudantium cumque eum. Officia sit non hic aspernatur repellat nulla possimus illo.', 46, 359),
(47, 'Nemo corrupti tempora non voluptas nihil exercitationem itaque. Vel hic est voluptatem dolorum qui magnam.', 'Possimus doloremque distinctio ipsum quia. Nemo minus rem dolorum totam. Sapiente libero nam illo qui impedit aut.', 47, 68),
(48, 'Velit quis repellendus quas explicabo id dignissimos dicta.', 'Accusantium eligendi est error non officiis maiores. Officia ea nihil facilis nam. Quidem nihil cumque debitis dolor tempore rerum.', 48, 25),
(49, 'Ea similique velit pariatur ut. Eligendi id optio fuga ipsum.', 'Deleniti expedita suscipit dolore velit perspiciatis quae sed eum. Ut mollitia nostrum similique eos et eum.', 49, 290),
(50, 'Quo dolor doloremque cumque quae. Voluptates quis omnis repellat ut magni quasi.', 'Voluptas fuga fugit id sit non quibusdam impedit. Eos sint eos ducimus deleniti.', 50, 172),
(51, 'Voluptatum aliquam animi nemo culpa quia expedita. Qui voluptatem repellendus rerum aut atque.', 'Animi et est quaerat quia. Non dolore dolor fugiat est.', 51, 28),
(52, 'Maiores iure porro rerum repellendus sequi. Nemo est nesciunt est quia minus.', 'Natus voluptatem laborum molestiae eum consequuntur mollitia debitis quo. Doloremque magni nemo est distinctio qui sit.', 52, 84),
(53, 'Repellat cumque totam impedit dolore est reprehenderit molestiae. Nihil ex voluptas qui eligendi ullam.', 'Rerum eligendi iste enim est cupiditate quia sapiente consequatur. Similique laborum est qui accusantium nisi ut.', 53, 103),
(54, 'Qui ut eius voluptatem est enim temporibus.', 'Qui blanditiis vitae quia ut praesentium non fugiat. Ducimus distinctio animi eum.', 54, 167),
(55, 'Perferendis ad et soluta et. Doloribus molestiae ratione commodi.', 'Numquam et sit delectus tempora aut ea qui. Dolor est hic adipisci minima laudantium optio id. Consequatur iure omnis quis autem voluptas omnis et.', 55, 316),
(56, 'Eos sit rerum sapiente voluptas vero et quo.', 'Consequuntur ut debitis quo eum. Molestiae magnam possimus rerum quia doloribus voluptas. Impedit totam a non id nihil eius.', 56, 145),
(57, 'Libero modi molestiae cum aliquam quasi animi ab. Quidem officiis earum optio qui velit nulla necessitatibus.', 'Et incidunt molestias sed ut molestiae aliquid expedita. Occaecati maiores laboriosam nostrum reiciendis suscipit. Explicabo et optio magnam dolorem velit expedita modi harum.', 57, 286),
(58, 'Et dolor consequatur perferendis quas.', 'Debitis velit explicabo dolores quia praesentium voluptates. Qui pariatur cumque nulla repellat veritatis. Sint occaecati odit quia sunt.', 58, 285),
(59, 'Sequi est illum earum. Qui non reprehenderit culpa eos quia et.', 'Et quod suscipit architecto vel dolore fugiat. Consectetur qui est quam mollitia consequatur. Quod aut error delectus quas recusandae possimus totam architecto.', 59, 128),
(60, 'Natus facere voluptatibus dolorum aut blanditiis.', 'Expedita voluptatem velit eos accusamus distinctio. Qui voluptatem fugit omnis assumenda.', 60, 187),
(61, 'Nostrum delectus perspiciatis veritatis non.', 'Eum et odit et id nobis illo ut. Et rerum aspernatur aperiam ut accusamus tenetur perferendis.', 61, 187),
(62, 'Veniam ipsa iste et cumque aspernatur. Veritatis quis ipsa impedit tempora repudiandae.', 'Aperiam eum quidem minima consequuntur ipsa et. Libero praesentium doloribus blanditiis non.', 62, 266),
(63, 'Autem occaecati molestiae doloremque nihil fugiat fugit qui quis.', 'Deleniti voluptates dolor quia quas. Tempora voluptatem molestias distinctio. Et facilis dolor est et dolores unde.', 63, 260),
(64, 'Ex adipisci voluptatem qui velit dolores et voluptas. Dolorum voluptates sapiente illo quia sequi in.', 'Quisquam eum omnis exercitationem voluptate asperiores et et. Aut perferendis tempore dolor qui accusantium.', 64, 33),
(65, 'Impedit animi architecto facilis totam temporibus soluta.', 'Vel ipsum distinctio quam placeat animi sed ducimus. In qui voluptatem rerum. Quod velit doloremque ut corrupti nostrum.', 65, 173),
(66, 'Eos quo ut officiis. Repudiandae in rerum tempora harum.', 'Autem voluptatem numquam qui voluptates. Deserunt dolorem asperiores beatae earum eaque.', 66, 353),
(67, 'Ut et aspernatur nam suscipit illum necessitatibus. Inventore labore consectetur ratione ad ut quod.', 'Iste ut ut reiciendis et perferendis consequuntur. Nostrum sunt commodi aspernatur temporibus quidem. Rerum debitis reiciendis voluptatem laborum in non rerum.', 67, 203),
(68, 'Fugit sit assumenda earum veniam quam provident ea sit. Est provident voluptatem qui quas.', 'Et et iusto cupiditate quae harum. Recusandae deleniti nemo voluptatem consequuntur natus repellendus nam.', 68, 50),
(69, 'Rerum quae itaque impedit earum. Vero assumenda quae quos asperiores et qui.', 'Labore voluptas id occaecati quam possimus distinctio. Ipsam ducimus illo itaque qui praesentium laboriosam praesentium.', 69, 169),
(70, 'Inventore excepturi eveniet qui quaerat officiis ea iure nesciunt. Voluptatem vel consectetur qui hic.', 'Ut et et autem quia magnam amet nostrum reprehenderit. Aut eligendi omnis ipsum tempore. Sed voluptas recusandae qui est odio alias eveniet.', 70, 92),
(71, 'Non officia libero mollitia vero quasi delectus adipisci atque. Consequatur qui sint doloribus molestiae.', 'Unde pariatur saepe ut quia omnis sed. Nemo et praesentium nulla consequuntur tempore voluptatibus quas. Et et fugiat error ipsam eveniet.', 71, 328),
(72, 'Omnis vero optio doloribus perferendis dolorem sunt impedit.', 'Alias itaque accusantium itaque deleniti eum eum. Necessitatibus quia aut et. Voluptatem nihil numquam est minima aspernatur.', 72, 346),
(73, 'Nobis provident natus tempora sit. Sed eligendi possimus exercitationem minus accusamus corrupti.', 'Consequuntur molestiae eveniet optio libero nam eaque sint quis. Dolor porro officiis distinctio facere in non. Saepe officiis enim corrupti qui delectus cupiditate provident.', 73, 95),
(74, 'Distinctio est autem aliquam sit sequi.', 'Amet voluptas laboriosam tenetur aliquam quidem ut fuga. Rerum modi non unde ut ipsam cupiditate.', 74, 1),
(75, 'Autem ad ut tempore architecto. Hic minima et eius dolores odio.', 'Quibusdam dignissimos tempora cumque alias et. Hic in ut dolores veritatis.', 75, 44),
(76, 'In sed expedita consequatur eveniet. Corrupti accusantium soluta natus enim voluptas sit enim.', 'Rem quia consectetur est nam. Et et est fugit modi. Aut aut fugiat saepe ex totam consequatur.', 76, 279),
(77, 'Voluptatibus dolores itaque illum.', 'Quibusdam tenetur quo modi quas cum fugit labore architecto. Ut labore necessitatibus iste unde nulla.', 77, 279),
(78, 'Et eaque voluptas dolor in et maiores delectus.', 'At numquam velit dolorem rem minima laboriosam fugiat. Officiis vero libero minima doloribus. Laudantium tempora dolorum voluptates suscipit eaque.', 78, 123),
(79, 'Molestiae ut et ducimus laboriosam.', 'Perferendis voluptas rerum corporis adipisci sequi aperiam. Et saepe omnis eligendi cumque sit. Voluptatibus soluta vel at molestiae.', 79, 233),
(80, 'Ut aliquid dolores architecto qui quo illum velit. Eius ut fugiat consequuntur nobis fuga autem.', 'Unde vel eveniet excepturi vel quia dolor quas. Nisi accusantium placeat id tenetur facere. Beatae saepe tempora unde.', 80, 306),
(81, 'Sed id reprehenderit atque. Perferendis temporibus doloribus distinctio rerum.', 'Doloremque mollitia debitis maxime expedita quidem ipsum tempora. Ipsam libero omnis quidem voluptas vitae suscipit.', 81, 222),
(82, 'Qui nihil inventore exercitationem nesciunt tempora non qui. Inventore error labore ut animi quibusdam harum molestiae.', 'Mollitia a corporis esse tempore. Sapiente est aut non dolorem.', 82, 98),
(83, 'Corrupti veniam qui id velit dolor qui.', 'Magni quod magnam facere officia inventore facilis dolor modi. Maiores impedit atque inventore distinctio.', 83, 336),
(84, 'Sequi magnam eveniet sint fuga ratione quam. Corrupti consequatur in quia qui omnis corrupti suscipit.', 'Aliquam voluptate earum odio non accusantium sint debitis. Dolore ab optio dolores veniam veritatis.', 84, 189),
(85, 'Nam expedita incidunt nihil labore accusamus et asperiores. Laboriosam dolorem ab ut perspiciatis.', 'Impedit eos sit ab esse et reprehenderit temporibus. Soluta totam quibusdam consequatur aliquid facere ducimus dolores.', 85, 210),
(86, 'Non id non impedit hic sed velit velit.', 'Hic id veniam et consequatur. Ut repudiandae quis dolores ea suscipit est. Numquam possimus et ad molestiae velit.', 86, 107),
(87, 'Beatae tenetur delectus quo rem perspiciatis blanditiis expedita ipsum.', 'Quia commodi consectetur numquam suscipit. Ipsam esse sit molestias totam.', 87, 38),
(88, 'Vero ut magni voluptates alias. Libero amet ullam ratione nihil hic voluptas repellendus.', 'Doloremque et iste labore assumenda. Doloremque ducimus atque cupiditate quia voluptate accusantium sed. Et veniam quisquam quia est aut voluptas ut.', 88, 295),
(89, 'Laborum reiciendis et ea eum sint delectus nam.', 'Optio nesciunt itaque in incidunt libero quo iusto ducimus. Consequatur eaque vero nihil dignissimos eum exercitationem qui. Distinctio corrupti sed dolore aut laboriosam assumenda.', 89, 264),
(90, 'Nisi voluptas quis qui nobis porro accusamus quasi. Hic blanditiis hic consectetur tenetur iste aut.', 'Quos sed iste voluptas rerum nesciunt earum. Quo omnis ab facilis saepe. Eius qui iure rerum est temporibus.', 90, 114),
(91, 'Corporis illo et est maxime est quis.', 'Corporis voluptatem saepe voluptatum fuga soluta velit architecto eligendi. Qui quaerat veritatis in culpa.', 91, 110),
(92, 'Accusantium omnis dolor laudantium est iste sit rerum.', 'Officia veritatis eos ex ipsa rem repudiandae. Doloribus sit ut nisi officiis aut labore.', 92, 227),
(93, 'Sequi maxime consequuntur voluptas architecto amet.', 'Ipsum nihil consectetur molestias accusantium perspiciatis quasi blanditiis quod. Animi odit cumque quia voluptatibus culpa.', 93, 227),
(94, 'Provident doloremque dolorum dolor nam ullam eum totam illo. Qui vitae animi animi voluptatem similique laboriosam vel.', 'Libero fugiat velit eos. Ea facere est perferendis expedita in ut. At ut tempora quam nostrum sit.', 94, 242),
(95, 'Ut consequatur earum sed consequatur ut dolore.', 'Sit est in non blanditiis hic doloribus aut. Facere vel odit ipsa in qui.', 95, 308),
(96, 'Culpa vel necessitatibus dolore repellat aut. A saepe quasi eveniet ullam.', 'Quos officiis non consectetur modi. Quae consequatur omnis rerum dolores voluptate. Excepturi amet rerum error maxime molestiae molestias.', 96, 274),
(97, 'Cumque maiores ut ipsa consequatur perspiciatis ipsam quos.', 'Autem dolorem minima vero veniam doloribus aut. Eos cum animi nam nihil.', 97, 55),
(98, 'Rerum deleniti quia totam rerum rerum ea.', 'Delectus eos odio et ut omnis vero. Temporibus qui accusamus atque natus earum doloremque doloremque.', 98, 298),
(99, 'Repudiandae quisquam magni et fugit facilis velit et unde.', 'Dolorum aspernatur eius magnam unde voluptatem iste ex. Ipsa sed quo ab fuga. Temporibus commodi incidunt quibusdam ea.', 99, 112),
(100, 'Laborum quia voluptas eaque voluptatibus et harum.', 'Sint velit laudantium quia illum. Est odit natus saepe accusamus quo est unde.', 100, 14),
(101, 'Placeat neque et saepe adipisci.', 'Aut error sint sed suscipit veniam non vero eos. Et nostrum accusamus ut sit fuga voluptas in voluptas. Expedita omnis fugiat et enim dolorum est debitis.', 101, 318),
(102, 'Ad impedit odit odit vel iure veritatis.', 'Laudantium magni qui illo debitis et doloribus numquam. Veniam cupiditate cupiditate est ut ut qui consequatur.', 102, 82),
(103, 'Possimus qui sed modi autem quia nulla et.', 'Quia est ea labore placeat. Deserunt eum asperiores debitis fuga est nihil. Repudiandae quas eum velit inventore.', 103, 275),
(104, 'Et laborum ullam facere et quas doloribus molestias.', 'Dolore labore voluptate est aut ex vero at. Sed labore sunt praesentium sit porro. Eius quia quia adipisci.', 104, 275),
(105, 'Aperiam dolor dignissimos omnis error omnis.', 'Illo delectus sed est quae suscipit officiis fuga. Quisquam aut facere cupiditate incidunt. Deserunt eveniet occaecati ipsum omnis quidem.', 105, 22),
(106, 'Hic repudiandae a vero possimus repellat. Sed distinctio consectetur reiciendis possimus est harum.', 'Eos iure sit quis aut. Dolorem aliquam quia itaque quibusdam reprehenderit ex. Blanditiis omnis consequatur laudantium sapiente assumenda.', 106, 94),
(107, 'Illum facere odit inventore enim.', 'Sit optio repellat ut. Blanditiis quibusdam quas officia aspernatur voluptate facilis nulla. Voluptas praesentium soluta aut magni error expedita.', 107, 94),
(108, 'Facilis sed sequi temporibus et eos exercitationem omnis consequatur. Voluptas necessitatibus iste vero esse.', 'A est est eligendi vel dignissimos. Non culpa odio sed ipsum quo rerum.', 108, 217),
(109, 'Magni blanditiis quisquam itaque saepe illum nesciunt. Qui laudantium est quia rem autem possimus officia.', 'Vitae veniam fugit voluptas dolore esse in ex. Sint aut et ea eum perspiciatis.', 109, 87),
(110, 'Nihil corrupti distinctio esse iure velit. Ad quis aut eum architecto.', 'Quod ut a labore placeat est ratione deserunt. Architecto reiciendis provident delectus. Non aut cumque in animi temporibus.', 110, 122),
(111, 'Sit illum aut id dolores.', 'Ut vel ut velit voluptatibus ex sit et. Et omnis at vero et tempore dolorem.', 111, 263),
(112, 'Quod nulla error vel corrupti quia dolorem.', 'Rerum quia fugiat saepe voluptates esse. Possimus neque illo veniam aut debitis sit ipsa.', 112, 190),
(113, 'Possimus ut rem fuga voluptatem. Quasi assumenda velit natus rerum cupiditate totam quas.', 'Impedit quis aut quas et quo. Doloribus autem quam magni sed vel fugit in. Aut non iure quia repudiandae.', 113, 205),
(114, 'Hic ad non adipisci voluptas quam quae voluptas nihil. Rerum aliquid quod dolores consequatur et debitis atque.', 'Aspernatur autem nobis sed amet. Blanditiis vel id consequuntur suscipit quis molestias facere quisquam. Voluptate aliquid animi error consequatur autem.', 114, 280),
(115, 'Ut et delectus ullam aperiam aliquid suscipit vitae. Quis nobis modi nobis ex optio eligendi error.', 'Quas similique architecto placeat consequatur at itaque nihil. Aut nulla quia sed suscipit alias fugit qui natus.', 115, 280),
(116, 'Deserunt eum qui accusantium magnam harum quisquam fugiat.', 'Quae eveniet ea vitae ut quia quod minus. Est mollitia nostrum repellendus maiores. Ullam molestias quos nostrum.', 116, 154),
(117, 'Dolores at saepe numquam quo facilis odit.', 'Odit et voluptates aut occaecati quas. Qui reiciendis enim dolores amet porro qui.', 117, 257),
(118, 'Et soluta nemo laboriosam rerum. Harum doloremque voluptas eveniet velit.', 'Voluptatem deserunt qui eum. Asperiores explicabo nemo ullam dicta rerum.', 118, 186);

-- --------------------------------------------------------

--
-- Estructura de tabla para la tabla `histories`
--

CREATE TABLE `histories` (
  `id` bigint(20) UNSIGNED NOT NULL,
  `user_id` bigint(20) UNSIGNED NOT NULL,
  `pet_id` bigint(20) UNSIGNED NOT NULL
) ENGINE=InnoDB DEFAULT CHARSET=utf8mb4 COLLATE=utf8mb4_unicode_ci;

--
-- Volcado de datos para la tabla `histories`
--

INSERT INTO `histories` (`id`, `user_id`, `pet_id`) VALUES
(1, 1, 1),
(2, 1, 2),
(3, 1, 3),
(4, 2, 4),
(5, 2, 5),
(6, 3, 6),
(7, 3, 7),
(8, 3, 8),
(9, 4, 9),
(10, 4, 10),
(11, 5, 11),
(12, 5, 12),
(13, 5, 13),
(14, 6, 14),
(15, 7, 15),
(16, 7, 16),
(17, 7, 17),
(18, 8, 18),
(19, 8, 19),
(20, 8, 20),
(21, 10, 21),
(22, 11, 22),
(23, 11, 23),
(24, 12, 24),
(25, 12, 25),
(26, 13, 26),
(27, 13, 27),
(28, 14, 28),
(29, 14, 29),
(30, 15, 30),
(31, 16, 31),
(32, 16, 32),
(33, 17, 33),
(34, 17, 34),
(35, 17, 35),
(36, 18, 36),
(37, 18, 37),
(38, 19, 38),
(39, 19, 39),
(40, 19, 40),
(41, 20, 41),
(42, 21, 42),
(43, 22, 43),
(44, 22, 44),
(45, 22, 45),
(46, 23, 46),
(47, 23, 47),
(48, 23, 48),
(49, 24, 49),
(50, 24, 50),
(51, 24, 51),
(52, 25, 52),
(53, 25, 53),
(54, 25, 54),
(55, 26, 55),
(56, 27, 56),
(57, 27, 57),
(58, 28, 58),
(59, 29, 59),
(60, 30, 60),
(61, 30, 61),
(62, 31, 62),
(63, 32, 63),
(64, 33, 64),
(65, 33, 65),
(66, 34, 66),
(67, 34, 67),
(68, 34, 68),
(69, 35, 69),
(70, 36, 70),
(71, 37, 71),
(72, 38, 72),
(73, 39, 73),
(74, 39, 74),
(75, 39, 75),
(76, 40, 76),
(77, 40, 77),
(78, 41, 78),
(79, 42, 79),
(80, 43, 80),
(81, 43, 81),
(82, 44, 82),
(83, 45, 83),
(84, 46, 84),
(85, 46, 85),
(86, 46, 86),
(87, 47, 87),
(88, 47, 88),
(89, 47, 89),
(90, 48, 90),
(91, 48, 91),
(92, 49, 92),
(93, 49, 93),
(94, 49, 94),
(95, 50, 95),
(96, 50, 96),
(97, 50, 97),
(98, 51, 98),
(99, 51, 99),
(100, 52, 100),
(101, 53, 101),
(102, 54, 102),
(103, 55, 103),
(104, 55, 104),
(105, 56, 105),
(106, 56, 106),
(107, 56, 107),
(108, 57, 108),
(109, 57, 109),
(110, 58, 110),
(111, 58, 111),
(112, 59, 112),
(113, 59, 113),
(114, 60, 114),
(115, 60, 115),
(116, 60, 116),
(117, 61, 117),
(118, 61, 118);

-- --------------------------------------------------------

--
-- Estructura de tabla para la tabla `hours`
--

CREATE TABLE `hours` (
  `id` bigint(20) UNSIGNED NOT NULL,
  `hour` varchar(50) COLLATE utf8mb4_unicode_ci NOT NULL
) ENGINE=InnoDB DEFAULT CHARSET=utf8mb4 COLLATE=utf8mb4_unicode_ci;

--
-- Volcado de datos para la tabla `hours`
--

INSERT INTO `hours` (`id`, `hour`) VALUES
(1, '08:00 - 09:00'),
(2, '09:00 - 10:00'),
(3, '10:00 - 11:00'),
(4, '11:00 - 12:00'),
(5, '13:00 - 14:00'),
(6, '14:00 - 15:00'),
(7, '15:00 - 16:00'),
(8, '16:00 - 17:00'),
(9, '17:00 - 18:00');

-- --------------------------------------------------------

--
-- Estructura de tabla para la tabla `pets`
--

CREATE TABLE `pets` (
  `id` bigint(20) UNSIGNED NOT NULL,
  `name` varchar(100) COLLATE utf8mb4_unicode_ci NOT NULL,
  `race` varchar(100) COLLATE utf8mb4_unicode_ci NOT NULL,
  `specie` varchar(100) COLLATE utf8mb4_unicode_ci NOT NULL,
  `state` varchar(100) COLLATE utf8mb4_unicode_ci NOT NULL,
  `age` bigint(20) NOT NULL,
  `color` varchar(50) COLLATE utf8mb4_unicode_ci NOT NULL,
  `path` varchar(255) COLLATE utf8mb4_unicode_ci NOT NULL,
  `user_id` bigint(20) UNSIGNED NOT NULL
) ENGINE=InnoDB DEFAULT CHARSET=utf8mb4 COLLATE=utf8mb4_unicode_ci;

--
-- Volcado de datos para la tabla `pets`
--

INSERT INTO `pets` (`id`, `name`, `race`, `specie`, `state`, `age`, `color`, `path`, `user_id`) VALUES
(1, 'Damion Leannon I', 'Provident.', 'Canes', 'Baja', 0, 'GreenYellow', 'pets/03e82d047e62a3609b369b49a7246f01.png', 1),
(2, 'Ms. Hortense Becker', 'Est.', 'Aves', 'Baja', 5, 'LightBlue', 'pets/4e04217db0c5b018e594f9ddc9c37bf0.png', 1),
(3, 'Kasandra Sporer', 'Modi.', 'Canes', 'Alta', 10, 'LightCyan', 'pets/4e1469587c9cf3b62f6f80df262aab96.png', 1),
(4, 'Mr. Agustin Wilderman', 'Sint et.', 'Aves', 'Baja', 7, 'BlueViolet', 'pets/52fe9bf42e715bfa31705e6aaa52f2f0.png', 2),
(5, 'Morgan Huels', 'Qui.', 'Felinos', 'Alta', 5, 'WhiteSmoke', 'pets/d9741e83a1ffc8f1fff78d45657eba84.png', 2),
(6, 'Bernard McClure', 'Culpa non.', 'Aves', 'Alta', 11, 'MediumSpringGreen', 'pets/96d2e038a5112c27a610c00ed550da1a.png', 3),
(7, 'Molly Kshlerin V', 'Neque.', 'Aves', 'Alta', 11, 'MistyRose', 'pets/db42a542a778b0403db86e020db5daec.png', 3),
(8, 'Mr. Sigurd Bernhard I', 'Hic.', 'Canes', 'Alta', 2, 'PaleTurquoise', 'pets/3256ad3ed90574a84cef4911a1b9523b.png', 3),
(9, 'Kay Kertzmann', 'Est.', 'Bovinos', 'Baja', 29, 'AntiqueWhite', 'pets/8862f983d765bcd67bdd42e3eaf9072c.png', 4),
(10, 'Chasity Prohaska', 'Corrupti.', 'Felinos', 'Alta', 30, 'White', 'pets/ff2293acedad28e47d28fb1b60ad8b6d.png', 4),
(11, 'Jason Beahan', 'Numquam.', 'Roedores', 'Alta', 13, 'ForestGreen', 'pets/c76a2958fb972b5fdc8e134a85dfe0b2.png', 5),
(12, 'Eva Zieme', 'Sint aut.', 'Roedores', 'Baja', 15, 'PaleGoldenRod', 'pets/35729ca795559c531393eef081c120d4.png', 5),
(13, 'Braulio Kemmer III', 'Ut tenetur.', 'Acuaticos', 'Alta', 12, 'ForestGreen', 'pets/e0dffaca3828ee04c518396c1cfe5d40.png', 5),
(14, 'Dr. Haskell Walker', 'Assumenda.', 'Felinos', 'Baja', 1, 'DeepPink', 'pets/407b58c868efc9c43df3e3c3b3efc52d.png', 6),
(15, 'Wilhelm Connelly', 'Qui cum.', 'Aves', 'Alta', 18, 'SteelBlue', 'pets/c80f9ee09a904dbf32b9629ae19fd1bf.png', 7),
(16, 'Mrs. Della Upton', 'Ratione.', 'Felinos', 'Baja', 26, 'Khaki', 'pets/c794e73138f771c86751411e231e1093.png', 7),
(17, 'Russ Collier III', 'Quis in sed.', 'Aves', 'Alta', 20, 'Blue', 'pets/759c5fc0c4b2c148450cce1f4fe1c039.png', 7),
(18, 'Dr. Lesly Veum', 'Consequatur.', 'Acuaticos', 'Alta', 29, 'AntiqueWhite', 'pets/d817c26821579be367a61c342a01c0f2.png', 8),
(19, 'Lance Rutherford I', 'Tempora.', 'Acuaticos', 'Baja', 5, 'CornflowerBlue', 'pets/27b656e515ee71e9a85d460d7c6a5827.png', 8),
(20, 'Ila McClure', 'Odio.', 'Bovinos', 'Baja', 4, 'Linen', 'pets/6f7001c47851930a6e6bd14e32df7eda.png', 8),
(21, 'Zita Wintheiser', 'Ipsam.', 'Aves', 'Alta', 10, 'MediumVioletRed', 'pets/60375a951b8c5deae3d89b10e079ce7f.png', 10),
(22, 'Rene Aufderhar', 'Quia.', 'Acuaticos', 'Alta', 24, 'DimGrey', 'pets/ce1ee5a3ac12d314d68ec90ec8ffe6ce.png', 11),
(23, 'Mr. Dean Hintz', 'Cumque.', 'Bovinos', 'Baja', 10, 'MediumSeaGreen', 'pets/dac4c0030c666cd9e6136c8b978ea0e1.png', 11),
(24, 'Jalen Schneider', 'Sed.', 'Roedores', 'Baja', 9, 'Azure', 'pets/bd36cd8c3c9e23d6317cfcbc2c1309b9.png', 12),
(25, 'Mr. Simeon Stroman IV', 'Quia.', 'Felinos', 'Alta', 1, 'Cornsilk', 'pets/9976f33047c2ba39971b8237c7abf683.png', 12),
(26, 'Muriel Mertz Jr.', 'Aperiam et.', 'Bovinos', 'Alta', 27, 'Pink', 'pets/3359ecb87db820779443c576a40154a9.png', 13),
(27, 'Dr. Noah Toy V', 'Eaque sit.', 'Canes', 'Baja', 8, 'AntiqueWhite', 'pets/d82d071f1b658e6c3bf73de6aa435045.png', 13),
(28, 'Sophia Parker', 'Aliquam.', 'Aves', 'Alta', 29, 'Red', 'pets/ebc5ba336d44d714f5d1804f2f3cd726.png', 14),
(29, 'Irma Mohr', 'Voluptas at.', 'Roedores', 'Baja', 27, 'LightSkyBlue', 'pets/c3c1ab8301851843474b1082b2c5570f.png', 14),
(30, 'Major Ferry', 'Aliquid.', 'Felinos', 'Alta', 10, 'Crimson', 'pets/a1a3c83f05229e64b0ba4d7bd1ba92c9.png', 15),
(31, 'Donavon Zboncak I', 'Quo esse.', 'Acuaticos', 'Alta', 30, 'Linen', 'pets/ec8de597a530edb9989d435df1a6b12e.png', 16),
(32, 'Aurelio Sawayn', 'Veritatis.', 'Felinos', 'Baja', 17, 'LightGoldenRodYellow', 'pets/44b47783bb83182866ec1a6566f577d5.png', 16),
(33, 'Dana Swift', 'Temporibus.', 'Acuaticos', 'Baja', 15, 'LightSlateGray', 'pets/54c2cd917d61b85678c12fbe5468f4ad.png', 17),
(34, 'Carley Ziemann Jr.', 'At suscipit.', 'Bovinos', 'Alta', 9, 'Linen', 'pets/902466bdcb9ec28d1dd52d89e31591f8.png', 17),
(35, 'Naomi Abbott', 'Nihil.', 'Aves', 'Alta', 27, 'PaleGreen', 'pets/ac1a0fef426b54cc9476d242a28531f2.png', 17),
(36, 'Mr. Stephon Murray IV', 'In et sed.', 'Acuaticos', 'Alta', 15, 'Ivory', 'pets/d0dd5400e6bed3f655215830f24417a7.png', 18),
(37, 'Maritza Monahan', 'Possimus.', 'Roedores', 'Baja', 21, 'SteelBlue', 'pets/d5f1564810f42ec992e10a8c3868b5c0.png', 18),
(38, 'Sincere Jones', 'Quos dolor.', 'Bovinos', 'Alta', 26, 'Salmon', 'pets/43df2d5a94c895f50ee8318afff879ea.png', 19),
(39, 'Emiliano Roberts', 'Dignissimos.', 'Felinos', 'Alta', 12, 'FloralWhite', 'pets/8436fe2dc53fdb3c0d8957387e324b7c.png', 19),
(40, 'Florian Romaguera', 'Error.', 'Bovinos', 'Alta', 25, 'Chocolate', 'pets/6cddeeb874079be110dc01ee4678c6b6.png', 19),
(41, 'Kelly Hermiston', 'Voluptatem.', 'Canes', 'Alta', 7, 'PaleTurquoise', 'pets/71db8682c2bc12a214f080d049355e4f.png', 20),
(42, 'Ransom Lynch', 'Quia.', 'Aves', 'Baja', 9, 'Indigo', 'pets/ac5089c9ed7cb36a36d561dad4e2da0d.png', 21),
(43, 'Ms. Carrie Monahan III', 'Possimus.', 'Aves', 'Baja', 5, 'BlueViolet', 'pets/b0585600012551fb2f89da3695735d8e.png', 22),
(44, 'Nathen Pfannerstill', 'Odit.', 'Aves', 'Alta', 22, 'DeepPink', 'pets/15266561697bbce37190762336ffd1fc.png', 22),
(45, 'Bertrand O\'Connell', 'Optio ad.', 'Felinos', 'Baja', 14, 'LightGoldenRodYellow', 'pets/f134ffccdab12e58fcb633462bb591f2.png', 22),
(46, 'Mable Goldner', 'Alias.', 'Bovinos', 'Alta', 28, 'Wheat', 'pets/7da82ae6c8bb4505aae6bc3d9f3a6d16.png', 23),
(47, 'Eriberto Kohler', 'Dolore.', 'Acuaticos', 'Alta', 4, 'Indigo', 'pets/847e6dc6cd58e259db4f6bacfa7ed850.png', 23),
(48, 'Verner Maggio II', 'Quae.', 'Aves', 'Baja', 5, 'PeachPuff', 'pets/a7270567ae3c712a57df1eba60291309.png', 23),
(49, 'Kathleen Moen', 'Sunt nihil.', 'Bovinos', 'Baja', 28, 'LightSalmon', 'pets/e543ec1413085aeba7b70ac212fe3c67.png', 24),
(50, 'Prof. Yvette Frami', 'Minima.', 'Canes', 'Baja', 13, 'OrangeRed', 'pets/e3b87f29412d3f6beb4a7315a8b71671.png', 24),
(51, 'Reuben Green', 'Molestiae.', 'Roedores', 'Baja', 1, 'Indigo', 'pets/d60a97e26f9bb590ab630067664e191c.png', 24),
(52, 'Dr. Darwin Dibbert', 'Et nemo.', 'Aves', 'Alta', 22, 'DarkTurquoise', 'pets/345706c6a60043b240a25bf7ff60a1e2.png', 25),
(53, 'Prof. Ollie Dicki IV', 'Molestiae.', 'Canes', 'Baja', 10, 'LemonChiffon', 'pets/19c556e47748d238b467e71ec6ef4b19.png', 25),
(54, 'Rodrigo Smitham', 'Voluptas in.', 'Roedores', 'Baja', 6, 'LightPink', 'pets/13aebb420ca10a59fd6669f68598d2c1.png', 25),
(55, 'Adam Dare III', 'Enim totam.', 'Acuaticos', 'Baja', 14, 'Crimson', 'pets/caa5f1c0106e199d7aa0ba3fe49d515f.png', 26),
(56, 'Jayne Hill', 'Velit.', 'Roedores', 'Alta', 30, 'RoyalBlue', 'pets/91f1b224dfe0959f1bb5eae0c153a6b5.png', 27),
(57, 'Benjamin Kemmer', 'Qui optio.', 'Aves', 'Baja', 11, 'SandyBrown', 'pets/bdeee914e1d16eae3123e4e71e92ae8b.png', 27),
(58, 'Lottie Schiller', 'Dolorem eos.', 'Bovinos', 'Baja', 24, 'BlueViolet', 'pets/74700ce88ff08f392bac13a4b59d4efc.png', 28),
(59, 'Lura Langosh', 'Rem est.', 'Felinos', 'Alta', 12, 'CornflowerBlue', 'pets/03e1e8c67e0d8da0d31d4bc85cfd9b6d.png', 29),
(60, 'Nelson Hermann', 'Amet sequi.', 'Canes', 'Baja', 9, 'Red', 'pets/dfc3f650b83adae53258c150f0749150.png', 30),
(61, 'Geovanny Deckow', 'Eum.', 'Bovinos', 'Baja', 7, 'SeaGreen', 'pets/2602d871b224bcf090366de1f9fb75c5.png', 30),
(62, 'Emerald Daniel', 'Deserunt.', 'Canes', 'Baja', 24, 'Darkorange', 'pets/d85fd2b169c953b1e1950b9d50558eff.png', 31),
(63, 'Ms. Augusta Kemmer', 'Consequatur.', 'Felinos', 'Alta', 22, 'Ivory', 'pets/050914dad001ec46fc730ae4923a0af6.png', 32),
(64, 'Dr. Olin Crooks IV', 'Ut est qui.', 'Canes', 'Alta', 15, 'LightBlue', 'pets/d929e3c60d8abca8e93754d82dd90f55.png', 33),
(65, 'Dr. Carmen Kuvalis Sr.', 'Sed ipsam.', 'Aves', 'Alta', 13, 'SteelBlue', 'pets/d23b47e45a651e083fb8eb24f2db6a85.png', 33),
(66, 'Delpha Douglas', 'Expedita.', 'Felinos', 'Baja', 6, 'LightYellow', 'pets/9938538e1b2270bb0822a506a0dae37e.png', 34),
(67, 'Emilie Johns', 'Enim.', 'Acuaticos', 'Baja', 2, 'GreenYellow', 'pets/b4c1e5002e04b2c06ad846ea3b703d5c.png', 34),
(68, 'Prof. Jordan Windler', 'Autem earum.', 'Bovinos', 'Baja', 16, 'FireBrick', 'pets/e768d8d23fd1b5ad7d5afb2c437dabb8.png', 34),
(69, 'Garry Lehner', 'Fugiat et.', 'Canes', 'Baja', 30, 'LightPink', 'pets/739ea05bb61b22ab1bc129f733da8ec3.png', 35),
(70, 'Danielle Monahan', 'Veritatis.', 'Bovinos', 'Baja', 3, 'LightGoldenRodYellow', 'pets/bcd0ad07a6848cca115f66ef5cbc40c1.png', 36),
(71, 'Johann Smith II', 'Quae.', 'Felinos', 'Alta', 19, 'Magenta', 'pets/545a3e6c36cf731fda040d6995458329.png', 37),
(72, 'Dr. Ervin Heaney Sr.', 'Sint non.', 'Felinos', 'Alta', 10, 'SeaShell', 'pets/2c4e4efa24b7809bb36c8b9004e0b0a7.png', 38),
(73, 'Jarrett Bergstrom', 'Temporibus.', 'Acuaticos', 'Alta', 4, 'ForestGreen', 'pets/fd80bae410df9b05a5bd9a01ce59b8d8.png', 39),
(74, 'Mercedes Hettinger', 'Vero.', 'Felinos', 'Alta', 14, 'Aqua', 'pets/f79d85bc8fe501f84da7d8ba9a211951.png', 39),
(75, 'Timothy Kling', 'Rerum.', 'Canes', 'Baja', 13, 'ForestGreen', 'pets/d661953829a87c410b86216cb02b1914.png', 39),
(76, 'Anika Ryan', 'Quasi.', 'Bovinos', 'Alta', 3, 'DarkSalmon', 'pets/9ace7a64ed6d65e172fbd2a86e3b4cff.png', 40),
(77, 'Cornelius Schuster I', 'Quidem.', 'Aves', 'Alta', 10, 'Chartreuse', 'pets/f081d77fd4d83cc09abde7fe3ab8a254.png', 40),
(78, 'Tanner Miller PhD', 'Dolorem.', 'Acuaticos', 'Alta', 24, 'LavenderBlush', 'pets/70679136f47517b14fd5d624f1a481a3.png', 41),
(79, 'Mr. Elvis Conn', 'Corrupti.', 'Aves', 'Baja', 1, 'SteelBlue', 'pets/206cfe9de2775ada926b423eeac68695.png', 42),
(80, 'Akeem Gorczany', 'Illo.', 'Felinos', 'Alta', 17, 'Green', 'pets/a94e6e2df007a81b7b755347b1b8f85c.png', 43),
(81, 'Margot Cummerata', 'Quia cumque.', 'Felinos', 'Baja', 5, 'MintCream', 'pets/cd29c36e9aa6757e83fd6a640d4e5e70.png', 43),
(82, 'Asa Kuhn', 'Et possimus.', 'Roedores', 'Baja', 28, 'Black', 'pets/8ef12c427fffb693bc9bfef2f8cc6762.png', 44),
(83, 'Dr. Gilberto Mohr', 'Illo harum.', 'Felinos', 'Alta', 9, 'DarkBlue', 'pets/4c529a40973fe5d47e73e178b8015288.png', 45),
(84, 'Lyda Crist', 'Nemo.', 'Aves', 'Baja', 30, 'Thistle', 'pets/14d2e91133fa3f4d5812c26d0791518e.png', 46),
(85, 'Marcelino Towne', 'Provident.', 'Bovinos', 'Alta', 19, 'AliceBlue', 'pets/43bca193d11bd433ffa4dab6683df53a.png', 46),
(86, 'Mrs. Luisa Kunze', 'Est.', 'Canes', 'Baja', 1, 'DarkRed', 'pets/494d3ff3af60fdff2060c7a7d91c6b4a.png', 46),
(87, 'Eddie Gulgowski', 'Maxime.', 'Acuaticos', 'Baja', 18, 'DeepSkyBlue', 'pets/27d9dc1f067dcc52198f6b748de165a7.png', 47),
(88, 'Maud Flatley', 'Soluta.', 'Felinos', 'Alta', 7, 'DarkBlue', 'pets/366e45b333be8f4e559a195d16a4d0e0.png', 47),
(89, 'Miss Yvonne Pfannerstill MD', 'Omnis a.', 'Felinos', 'Baja', 3, 'DimGray', 'pets/31d55748521bf1af13773302af993844.png', 47),
(90, 'Dejah Littel', 'Expedita.', 'Roedores', 'Alta', 24, 'DarkViolet', 'pets/e5efec098b3d1071ba46c61a60d7c5c8.png', 48),
(91, 'Prof. Jean Jast II', 'Nihil.', 'Felinos', 'Alta', 24, 'DarkSalmon', 'pets/e8b2ca825911e88e6a013fc5fd46a511.png', 48),
(92, 'Ila Champlin', 'Porro cum.', 'Acuaticos', 'Alta', 30, 'Sienna', 'pets/0627b50abb2351f704598947e9864a65.png', 49),
(93, 'Angelita Purdy Jr.', 'Esse quasi.', 'Roedores', 'Alta', 29, 'Aqua', 'pets/02c015d7d425320662996abc75882fbf.png', 49),
(94, 'Nicolas Wyman', 'Sit commodi.', 'Acuaticos', 'Baja', 26, 'Gray', 'pets/4381118cf57a4488c2a54e6429606f9a.png', 49),
(95, 'Cheyenne Cruickshank', 'Deleniti.', 'Canes', 'Baja', 4, 'BlanchedAlmond', 'pets/79e991c926f5aa6a7f92408810fe7d2e.png', 50),
(96, 'Ms. Jadyn Volkman Sr.', 'Ipsa qui ut.', 'Bovinos', 'Baja', 14, 'Orchid', 'pets/fb9f44e85b3ee54cb2bc13923499d2da.png', 50),
(97, 'Curt Grady', 'Harum.', 'Acuaticos', 'Alta', 23, 'DarkSeaGreen', 'pets/5f40fa1652078fefd8177d9a7bd65ea0.png', 50),
(98, 'Clifton Conn', 'Esse.', 'Roedores', 'Alta', 4, 'LightSlateGray', 'pets/f0cd7254ec88dfd002edb0900eafc6ed.png', 51),
(99, 'Kaylee Hamill', 'Saepe.', 'Canes', 'Baja', 14, 'DarkKhaki', 'pets/dddcff5ff69b72b507a20571edc3c643.png', 51),
(100, 'Ali Kovacek', 'Quis.', 'Roedores', 'Baja', 29, 'DarkGreen', 'pets/a73956da6b9fdeb79f81da3808310666.png', 52),
(101, 'Jamie Marvin V', 'Aut unde.', 'Felinos', 'Baja', 9, 'NavajoWhite', 'pets/a32e07c85142102e267daf1d8be487f7.png', 53),
(102, 'Breanne Lesch', 'Placeat nam.', 'Roedores', 'Alta', 19, 'CornflowerBlue', 'pets/5bb63a52ce0857954e74a2bce6bf05c8.png', 54),
(103, 'Romaine Kautzer', 'Odio.', 'Canes', 'Alta', 25, 'LightSkyBlue', 'pets/9a0581696b41485bb5843a122246d5bf.png', 55),
(104, 'Reyna Koelpin', 'Iure quis.', 'Acuaticos', 'Baja', 20, 'LightGreen', 'pets/2a1ee80f3012d24f3ebc31fa7f3a09e0.png', 55),
(105, 'Alvina Bergnaum', 'Delectus.', 'Roedores', 'Baja', 6, 'Lime', 'pets/93434b31ddea6be6a4bc228dcf2ef79b.png', 56),
(106, 'Giles Beier', 'Nisi libero.', 'Canes', 'Baja', 28, 'LavenderBlush', 'pets/59789d53d62ce807e1826fd24ecc7fbc.png', 56),
(107, 'Wilfred McLaughlin III', 'Et dolores.', 'Roedores', 'Alta', 15, 'Purple', 'pets/00e005873beeeb359c9c9d8bdcb886dc.png', 56),
(108, 'Kylee Parker', 'Dolor optio.', 'Roedores', 'Baja', 7, 'Tan', 'pets/78d1bbd44f65212785f9ab6d44759fc7.png', 57),
(109, 'Samir Hermann', 'Rerum qui.', 'Felinos', 'Baja', 2, 'DarkOrchid', 'pets/323d81c4a36af70309ffc6705f423ea0.png', 57),
(110, 'Gracie Kris', 'Quidem at.', 'Felinos', 'Alta', 11, 'Gainsboro', 'pets/16d58a993054a1692c9fd212edaaa498.png', 58),
(111, 'Ms. Magdalena Barrows', 'Accusamus.', 'Bovinos', 'Alta', 26, 'OrangeRed', 'pets/5ad14f5e7cf25e05f076377b2ac869e2.png', 58),
(112, 'Carroll Bogisich', 'Alias id.', 'Aves', 'Alta', 20, 'Bisque', 'pets/bc4fe92b2ad73fae8149369f859be392.png', 59),
(113, 'Dr. Devin Johnson IV', 'Nihil.', 'Felinos', 'Baja', 1, 'AliceBlue', 'pets/a56a3ba8dcc4a1c9178292b76405be49.png', 59),
(114, 'Ocie Ziemann', 'Enim earum.', 'Felinos', 'Baja', 5, 'Magenta', 'pets/a3d77b492a68ce822705c8a4152b44cb.png', 60),
(115, 'Alene Ullrich', 'Cupiditate.', 'Roedores', 'Alta', 3, 'MediumPurple', 'pets/6777bd7d76c6afab7e3887268bda68b7.png', 60),
(116, 'Alba Breitenberg', 'Inventore.', 'Bovinos', 'Baja', 19, 'SandyBrown', 'pets/ec52cd4bf645249a992770431184cfba.png', 60),
(117, 'Henderson Altenwerth', 'Similique.', 'Roedores', 'Alta', 28, 'Lime', 'pets/2cee955aa50ac971582aaa0d7fa622ba.png', 61),
(118, 'Mr. Greg Mraz IV', 'Qui aliquam.', 'Bovinos', 'Baja', 27, 'Gainsboro', 'pets/a3bf8f86d421ff0da86c0897e652d86a.png', 61);

-- --------------------------------------------------------

--
-- Estructura de tabla para la tabla `queries`
--

CREATE TABLE `queries` (
  `id` bigint(20) UNSIGNED NOT NULL,
  `description` text COLLATE utf8mb4_unicode_ci NOT NULL,
  `query_date` timestamp NOT NULL DEFAULT current_timestamp() ON UPDATE current_timestamp(),
  `user_id` bigint(20) UNSIGNED NOT NULL
) ENGINE=InnoDB DEFAULT CHARSET=utf8mb4 COLLATE=utf8mb4_unicode_ci;

--
-- Volcado de datos para la tabla `queries`
--

INSERT INTO `queries` (`id`, `description`, `query_date`, `user_id`) VALUES
(1, 'Voluptatem provident voluptatem sint facilis ullam dolorum. Quia praesentium eaque in distinctio repellat tenetur. Iusto laudantium quaerat quod ea et rerum maxime.', '2021-11-10 08:05:03', 1),
(2, 'Possimus esse nihil quo voluptas omnis. Architecto animi dolor officiis et repudiandae eligendi et. Dolore amet illo eum.', '2021-11-03 09:44:25', 3),
(3, 'Non doloribus est iste consectetur quis temporibus. Nam ut dolore laboriosam enim placeat aut laboriosam.', '2021-11-05 09:45:09', 4),
(4, 'Maiores repellat enim id. Eius aut laudantium dignissimos ea.', '2021-10-31 21:26:31', 5),
(5, 'Veritatis impedit voluptatem dolor fuga perspiciatis maiores. Quae ad magni ratione et sint. Sed esse placeat qui cum quae ut ut.', '2021-11-09 05:47:15', 6),
(6, 'Enim perspiciatis enim porro qui voluptatem libero corrupti vel. Perspiciatis ratione et ad non nesciunt.', '2021-11-12 18:34:02', 7),
(7, 'Exercitationem ea quod praesentium velit. Voluptatem a molestiae sed sit porro. Atque inventore ut aut.', '2021-11-21 04:01:09', 8),
(8, 'Mollitia assumenda animi ut dignissimos dicta quia et. Sunt eum dolorem ut voluptatibus ea necessitatibus voluptas.', '2021-11-20 11:17:00', 9),
(9, 'Perspiciatis doloremque dignissimos est qui dolor voluptatibus in. Et impedit maxime non qui. At consequatur officiis expedita.', '2021-11-09 14:35:48', 10),
(10, 'Nam sunt corrupti deleniti laudantium. Veniam temporibus omnis consequatur sed quis.', '2021-11-25 10:45:54', 11),
(11, 'Vitae expedita perferendis quis. Aut dignissimos in rem eos corrupti sit dolor.', '2021-11-01 05:37:55', 13),
(12, 'Quaerat ducimus voluptas maiores sed alias aliquid doloribus voluptatem. Quia quia cum dolor ut ad. Velit blanditiis reiciendis quisquam et.', '2021-10-30 21:19:17', 14),
(13, 'Voluptates sapiente optio deleniti quod sed. Saepe voluptatem culpa quo harum eum reiciendis.', '2021-11-01 04:20:50', 16),
(14, 'Quis dolore id illo et et explicabo. Minus excepturi est quia earum.', '2021-11-25 22:08:57', 18),
(15, 'Omnis sunt sint delectus iste qui eos. Nobis nisi aut totam. Est sint repellendus quasi porro.', '2021-11-08 18:02:37', 19),
(16, 'Optio aliquid qui provident nihil autem dignissimos consectetur. At voluptatem repellat et doloremque. Magni dolores qui corporis numquam accusantium laborum est itaque.', '2021-11-09 14:12:51', 21),
(17, 'Fugit fugit nemo dignissimos nesciunt consequatur. Rerum nobis necessitatibus possimus et debitis voluptates.', '2021-11-27 05:00:36', 24),
(18, 'Eaque officiis corporis eos molestiae. Itaque quo qui veritatis.', '2021-11-17 06:53:03', 25),
(19, 'Officiis non eaque magnam. Autem possimus aut commodi rerum id quaerat. Fugit cupiditate modi voluptatem rerum.', '2021-11-01 10:26:12', 26),
(20, 'Modi illum veritatis debitis laborum. Sed esse sint ut accusantium. Voluptatem sed velit necessitatibus consequatur qui.', '2021-11-16 12:02:42', 27),
(21, 'Qui nihil dicta qui suscipit. Qui accusamus repudiandae occaecati quos.', '2021-11-01 11:50:09', 28),
(22, 'Quos est officia pariatur eos dolor consequuntur deleniti rerum. Cupiditate est suscipit omnis repellendus consequatur.', '2021-11-13 02:48:16', 30),
(23, 'Reprehenderit sit dolor error adipisci voluptatem dolor numquam. Ut in est modi dignissimos rerum iste.', '2021-11-26 03:12:57', 32),
(24, 'Quasi vel sequi et labore et et. Occaecati aspernatur eum eaque voluptate natus ut quo.', '2021-11-04 21:46:50', 33),
(25, 'Quisquam molestiae totam et. Sit tenetur quis consequatur ipsum et incidunt.', '2021-11-04 06:41:58', 34),
(26, 'Similique eum quae et debitis commodi. Perferendis natus sit ut minus molestiae temporibus molestiae voluptatem. Voluptas aut qui totam est error et molestias natus.', '2021-11-24 15:05:04', 35),
(27, 'Repellat facere blanditiis laborum vel sit provident. Placeat inventore voluptas ratione ab et quae. Tempora maxime similique et consequatur harum repellat.', '2021-11-06 03:03:56', 36),
(28, 'Ut nesciunt officiis quo incidunt. Ut vitae voluptatem et reiciendis ut et. Praesentium perferendis enim enim qui nulla sequi at.', '2021-11-18 20:23:45', 38),
(29, 'Minus non quis aut similique. Quae nobis veniam officiis aut qui necessitatibus.', '2021-11-17 08:04:20', 39),
(30, 'Ea architecto maiores assumenda quod enim perspiciatis. Officiis est inventore asperiores.', '2021-11-02 16:37:38', 40),
(31, 'Explicabo libero inventore facere cum perferendis quasi. Doloremque fugit cum nostrum atque inventore suscipit consequatur ut. Occaecati consequatur possimus qui consequuntur mollitia.', '2021-11-22 14:56:44', 41),
(32, 'Suscipit excepturi provident et fuga dolor ut. Ratione ut consequatur necessitatibus quia illum et.', '2021-11-22 01:01:21', 42),
(33, 'Temporibus illo corrupti excepturi ut incidunt eum natus. Veniam sit deserunt consequuntur alias in quia. Dolor ea nihil error mollitia ratione.', '2021-11-15 09:07:38', 43),
(34, 'Et ut ratione distinctio recusandae non ut rerum. Eveniet totam quo eos qui ad praesentium.', '2021-11-05 23:46:21', 45),
(35, 'Nesciunt quia qui quo et dolore eos odit. Voluptatem sunt voluptatem voluptas sint.', '2021-11-24 05:47:28', 46),
(36, 'Accusantium quis explicabo alias totam ratione quaerat. Aut aut enim molestiae quia dicta natus velit quidem.', '2021-11-24 09:04:42', 47),
(37, 'Quae sint quibusdam est et eum. Labore cupiditate excepturi laborum dolor facere. Voluptates ut culpa animi dolor deserunt est autem quo.', '2021-11-14 06:04:15', 48),
(38, 'Vero et fugiat voluptatem vel cum nobis aut similique. Aut odio ducimus in eveniet aut. Quae sunt excepturi aliquid fuga quasi.', '2021-11-27 03:36:13', 49),
(39, 'Officia cupiditate ad rem voluptatem temporibus amet dolor. Doloribus amet dolore quaerat architecto laudantium qui.', '2021-11-01 00:12:01', 50),
(40, 'Nemo ut perspiciatis officia. Perspiciatis voluptas aut et.', '2021-11-11 01:31:00', 51),
(41, 'Ipsum quia mollitia quisquam qui assumenda. Mollitia et suscipit qui ad.', '2021-11-21 05:17:31', 53),
(42, 'Vitae inventore ad nulla maiores fugit tempora et fugit. Blanditiis quia saepe quaerat voluptatum. Delectus ab est harum pariatur exercitationem non.', '2021-11-08 13:44:43', 54),
(43, 'Deserunt odit facere repudiandae incidunt ab. Quas reprehenderit quis molestiae necessitatibus non. Voluptatem recusandae cumque nobis id consequatur excepturi.', '2021-11-17 02:39:19', 55),
(44, 'Impedit illum qui nostrum nulla laborum tenetur fugiat. Debitis optio neque quas est.', '2021-11-14 17:09:35', 57),
(45, 'A doloremque qui consequatur facere itaque tenetur quis. Ex vitae quis nemo et. Ad ex officiis nisi veniam nostrum.', '2021-11-10 08:00:03', 58);

-- --------------------------------------------------------

--
-- Estructura de tabla para la tabla `reservations`
--

CREATE TABLE `reservations` (
  `id` bigint(20) UNSIGNED NOT NULL,
  `reservation_date` varchar(255) COLLATE utf8mb4_unicode_ci NOT NULL,
  `user_id` bigint(20) UNSIGNED NOT NULL,
  `hour_id` bigint(20) UNSIGNED NOT NULL
) ENGINE=InnoDB DEFAULT CHARSET=utf8mb4 COLLATE=utf8mb4_unicode_ci;

--
-- Volcado de datos para la tabla `reservations`
--

INSERT INTO `reservations` (`id`, `reservation_date`, `user_id`, `hour_id`) VALUES
(1, '24-10-2021', 39, 1),
(2, '24-10-2021', 13, 2),
(3, '24-10-2021', 10, 3),
(4, '24-10-2021', 8, 4),
(5, '24-10-2021', 52, 5),
(6, '24-10-2021', 48, 6),
(7, '24-10-2021', 33, 7),
(8, '24-10-2021', 28, 8),
(9, '24-10-2021', 44, 9),
(10, '25-10-2021', 52, 1),
(11, '25-10-2021', 4, 2),
(12, '25-10-2021', 5, 3),
(13, '25-10-2021', 10, 4),
(14, '25-10-2021', 52, 5),
(15, '25-10-2021', 37, 6),
(16, '25-10-2021', 48, 7),
(17, '25-10-2021', 15, 8),
(18, '25-10-2021', 48, 9),
(19, '26-10-2021', 42, 1),
(20, '26-10-2021', 7, 2),
(21, '26-10-2021', 53, 3),
(22, '26-10-2021', 56, 4),
(23, '26-10-2021', 32, 5),
(24, '26-10-2021', 4, 6),
(25, '26-10-2021', 23, 7),
(26, '26-10-2021', 21, 8),
(27, '26-10-2021', 42, 9),
(28, '27-10-2021', 24, 1),
(29, '27-10-2021', 5, 2),
(30, '27-10-2021', 60, 3),
(31, '27-10-2021', 20, 4),
(32, '27-10-2021', 8, 5),
(33, '27-10-2021', 33, 6),
(34, '27-10-2021', 51, 7),
(35, '27-10-2021', 29, 8),
(36, '27-10-2021', 8, 9),
(37, '28-10-2021', 58, 1),
(38, '28-10-2021', 47, 2),
(39, '28-10-2021', 58, 3),
(40, '28-10-2021', 35, 4),
(41, '28-10-2021', 44, 5),
(42, '28-10-2021', 5, 6),
(43, '28-10-2021', 56, 7),
(44, '28-10-2021', 39, 8),
(45, '28-10-2021', 56, 9),
(46, '29-10-2021', 12, 1),
(47, '29-10-2021', 41, 2),
(48, '29-10-2021', 52, 3),
(49, '29-10-2021', 18, 4),
(50, '29-10-2021', 34, 5),
(51, '29-10-2021', 13, 6),
(52, '29-10-2021', 52, 7),
(53, '29-10-2021', 8, 8),
(54, '29-10-2021', 41, 9),
(55, '30-10-2021', 50, 1),
(56, '30-10-2021', 33, 2),
(57, '30-10-2021', 36, 3),
(58, '30-10-2021', 20, 4),
(59, '30-10-2021', 30, 5),
(60, '30-10-2021', 51, 6),
(61, '30-10-2021', 7, 7),
(62, '30-10-2021', 2, 8),
(63, '30-10-2021', 12, 9),
(64, '31-10-2021', 38, 1),
(65, '31-10-2021', 15, 2),
(66, '31-10-2021', 15, 3),
(67, '31-10-2021', 16, 4),
(68, '31-10-2021', 23, 5),
(69, '31-10-2021', 21, 6),
(70, '31-10-2021', 15, 7),
(71, '31-10-2021', 27, 8),
(72, '31-10-2021', 33, 9),
(73, '01-11-2021', 57, 1),
(74, '01-11-2021', 58, 2),
(75, '01-11-2021', 7, 3),
(76, '01-11-2021', 43, 4),
(77, '01-11-2021', 11, 5),
(78, '01-11-2021', 43, 6),
(79, '01-11-2021', 41, 7),
(80, '01-11-2021', 15, 8),
(81, '01-11-2021', 40, 9),
(82, '02-11-2021', 54, 1),
(83, '02-11-2021', 55, 2),
(84, '02-11-2021', 25, 3),
(85, '02-11-2021', 8, 4),
(86, '02-11-2021', 14, 5),
(87, '02-11-2021', 57, 6),
(88, '02-11-2021', 13, 7),
(89, '02-11-2021', 39, 8),
(90, '02-11-2021', 11, 9),
(91, '03-11-2021', 23, 1),
(92, '03-11-2021', 36, 2),
(93, '03-11-2021', 20, 3),
(94, '03-11-2021', 56, 4),
(95, '03-11-2021', 39, 5),
(96, '03-11-2021', 31, 6),
(97, '03-11-2021', 12, 7),
(98, '03-11-2021', 44, 8),
(99, '03-11-2021', 12, 9),
(100, '04-11-2021', 38, 1),
(101, '04-11-2021', 26, 2),
(102, '04-11-2021', 61, 3),
(103, '04-11-2021', 25, 4),
(104, '04-11-2021', 37, 5),
(105, '04-11-2021', 58, 6),
(106, '04-11-2021', 30, 7),
(107, '04-11-2021', 46, 8),
(108, '04-11-2021', 56, 9),
(109, '05-11-2021', 10, 1),
(110, '05-11-2021', 48, 2),
(111, '05-11-2021', 36, 3),
(112, '05-11-2021', 51, 4),
(113, '05-11-2021', 20, 5),
(114, '05-11-2021', 48, 6),
(115, '05-11-2021', 52, 7),
(116, '05-11-2021', 11, 8),
(117, '05-11-2021', 4, 9),
(118, '06-11-2021', 16, 1),
(119, '06-11-2021', 7, 2),
(120, '06-11-2021', 11, 3),
(121, '06-11-2021', 16, 4),
(122, '06-11-2021', 58, 5),
(123, '06-11-2021', 41, 6),
(124, '06-11-2021', 18, 7),
(125, '06-11-2021', 18, 8),
(126, '06-11-2021', 32, 9),
(127, '07-11-2021', 14, 1),
(128, '07-11-2021', 29, 2),
(129, '07-11-2021', 7, 3),
(130, '07-11-2021', 23, 4),
(131, '07-11-2021', 17, 5),
(132, '07-11-2021', 17, 6),
(133, '07-11-2021', 17, 7),
(134, '07-11-2021', 33, 8),
(135, '07-11-2021', 29, 9),
(136, '08-11-2021', 1, 1),
(137, '08-11-2021', 60, 2),
(138, '08-11-2021', 36, 3),
(139, '08-11-2021', 1, 4),
(140, '08-11-2021', 30, 5),
(141, '08-11-2021', 30, 6),
(142, '08-11-2021', 10, 7),
(143, '08-11-2021', 20, 8),
(144, '08-11-2021', 3, 9),
(145, '09-11-2021', 27, 1),
(146, '09-11-2021', 24, 2),
(147, '09-11-2021', 58, 3),
(148, '09-11-2021', 47, 4),
(149, '09-11-2021', 18, 5),
(150, '09-11-2021', 44, 6),
(151, '09-11-2021', 59, 7),
(152, '09-11-2021', 58, 8),
(153, '09-11-2021', 32, 9),
(154, '10-11-2021', 60, 1),
(155, '10-11-2021', 18, 2),
(156, '10-11-2021', 44, 3),
(157, '10-11-2021', 28, 4),
(158, '10-11-2021', 1, 5),
(159, '10-11-2021', 40, 6),
(160, '10-11-2021', 12, 7),
(161, '10-11-2021', 35, 8),
(162, '10-11-2021', 23, 9),
(163, '11-11-2021', 55, 1),
(164, '11-11-2021', 51, 2),
(165, '11-11-2021', 42, 3),
(166, '11-11-2021', 28, 4),
(167, '11-11-2021', 25, 5),
(168, '11-11-2021', 26, 6),
(169, '11-11-2021', 35, 7),
(170, '11-11-2021', 59, 8),
(171, '11-11-2021', 26, 9),
(172, '12-11-2021', 24, 1),
(173, '12-11-2021', 33, 2),
(174, '12-11-2021', 4, 3),
(175, '12-11-2021', 5, 4),
(176, '12-11-2021', 51, 5),
(177, '12-11-2021', 15, 6),
(178, '12-11-2021', 1, 7),
(179, '12-11-2021', 12, 8),
(180, '12-11-2021', 21, 9),
(181, '13-11-2021', 12, 1),
(182, '13-11-2021', 22, 2),
(183, '13-11-2021', 14, 3),
(184, '13-11-2021', 38, 4),
(185, '13-11-2021', 20, 5),
(186, '13-11-2021', 61, 6),
(187, '13-11-2021', 30, 7),
(188, '13-11-2021', 11, 8),
(189, '13-11-2021', 46, 9),
(190, '14-11-2021', 59, 1),
(191, '14-11-2021', 38, 2),
(192, '14-11-2021', 61, 3),
(193, '14-11-2021', 33, 4),
(194, '14-11-2021', 51, 5),
(195, '14-11-2021', 35, 6),
(196, '14-11-2021', 4, 7),
(197, '14-11-2021', 39, 8),
(198, '14-11-2021', 52, 9),
(199, '15-11-2021', 53, 1),
(200, '15-11-2021', 19, 2),
(201, '15-11-2021', 52, 3),
(202, '15-11-2021', 5, 4),
(203, '15-11-2021', 34, 5),
(204, '15-11-2021', 55, 6),
(205, '15-11-2021', 59, 7),
(206, '15-11-2021', 7, 8),
(207, '15-11-2021', 33, 9),
(208, '16-11-2021', 5, 1),
(209, '16-11-2021', 52, 2),
(210, '16-11-2021', 46, 3),
(211, '16-11-2021', 49, 4),
(212, '16-11-2021', 44, 5),
(213, '16-11-2021', 58, 6),
(214, '16-11-2021', 24, 7),
(215, '16-11-2021', 24, 8),
(216, '16-11-2021', 14, 9),
(217, '17-11-2021', 57, 1),
(218, '17-11-2021', 18, 2),
(219, '17-11-2021', 21, 3),
(220, '17-11-2021', 55, 4),
(221, '17-11-2021', 16, 5),
(222, '17-11-2021', 43, 6),
(223, '17-11-2021', 23, 7),
(224, '17-11-2021', 53, 8),
(225, '17-11-2021', 45, 9),
(226, '18-11-2021', 24, 1),
(227, '18-11-2021', 49, 2),
(228, '18-11-2021', 29, 3),
(229, '18-11-2021', 27, 4),
(230, '18-11-2021', 19, 5),
(231, '18-11-2021', 25, 6),
(232, '18-11-2021', 1, 7),
(233, '18-11-2021', 42, 8),
(234, '18-11-2021', 13, 9),
(235, '19-11-2021', 4, 1),
(236, '19-11-2021', 2, 2),
(237, '19-11-2021', 58, 3),
(238, '19-11-2021', 10, 4),
(239, '19-11-2021', 2, 5),
(240, '19-11-2021', 10, 6),
(241, '19-11-2021', 53, 7),
(242, '19-11-2021', 49, 8),
(243, '19-11-2021', 20, 9),
(244, '20-11-2021', 49, 1),
(245, '20-11-2021', 47, 2),
(246, '20-11-2021', 31, 3),
(247, '20-11-2021', 40, 4),
(248, '20-11-2021', 33, 5),
(249, '20-11-2021', 2, 6),
(250, '20-11-2021', 17, 7),
(251, '20-11-2021', 48, 8),
(252, '20-11-2021', 5, 9),
(253, '21-11-2021', 51, 1),
(254, '21-11-2021', 33, 2),
(255, '21-11-2021', 11, 3),
(256, '21-11-2021', 2, 4),
(257, '21-11-2021', 61, 5),
(258, '21-11-2021', 37, 6),
(259, '21-11-2021', 3, 7),
(260, '21-11-2021', 32, 8),
(261, '21-11-2021', 16, 9),
(262, '22-11-2021', 41, 1),
(263, '22-11-2021', 58, 2),
(264, '22-11-2021', 47, 3),
(265, '22-11-2021', 17, 4),
(266, '22-11-2021', 31, 5),
(267, '22-11-2021', 55, 6),
(268, '22-11-2021', 4, 7),
(269, '22-11-2021', 56, 8),
(270, '22-11-2021', 30, 9),
(271, '23-11-2021', 22, 1),
(272, '23-11-2021', 58, 2),
(273, '23-11-2021', 34, 3),
(274, '23-11-2021', 50, 4),
(275, '23-11-2021', 55, 5),
(276, '23-11-2021', 6, 6),
(277, '23-11-2021', 16, 7),
(278, '23-11-2021', 4, 8),
(279, '23-11-2021', 40, 9),
(280, '24-11-2021', 60, 1),
(281, '24-11-2021', 35, 2),
(282, '24-11-2021', 51, 3),
(283, '24-11-2021', 17, 4),
(284, '24-11-2021', 43, 5),
(285, '24-11-2021', 28, 6),
(286, '24-11-2021', 27, 7),
(287, '24-11-2021', 23, 8),
(288, '24-11-2021', 1, 9),
(289, '25-11-2021', 18, 1),
(290, '25-11-2021', 24, 2),
(291, '25-11-2021', 18, 3),
(292, '25-11-2021', 37, 4),
(293, '25-11-2021', 7, 5),
(294, '25-11-2021', 2, 6),
(295, '25-11-2021', 47, 7),
(296, '25-11-2021', 42, 8),
(297, '25-11-2021', 30, 9),
(298, '26-11-2021', 51, 1),
(299, '26-11-2021', 27, 2),
(300, '26-11-2021', 8, 3),
(301, '26-11-2021', 22, 4),
(302, '26-11-2021', 39, 5),
(303, '26-11-2021', 21, 6),
(304, '26-11-2021', 5, 7),
(305, '26-11-2021', 40, 8),
(306, '26-11-2021', 43, 9),
(307, '27-11-2021', 37, 1),
(308, '27-11-2021', 50, 2),
(309, '27-11-2021', 50, 3),
(310, '27-11-2021', 25, 4),
(311, '27-11-2021', 28, 5),
(312, '27-11-2021', 10, 6),
(313, '27-11-2021', 59, 7),
(314, '27-11-2021', 30, 8),
(315, '27-11-2021', 44, 9),
(316, '28-11-2021', 26, 1),
(317, '28-11-2021', 1, 2),
(318, '28-11-2021', 53, 3),
(319, '28-11-2021', 6, 4),
(320, '28-11-2021', 10, 5),
(321, '28-11-2021', 7, 6),
(322, '28-11-2021', 13, 7),
(323, '28-11-2021', 32, 8),
(324, '28-11-2021', 2, 9),
(325, '29-11-2021', 53, 1),
(326, '29-11-2021', 28, 2),
(327, '29-11-2021', 41, 3),
(328, '29-11-2021', 37, 4),
(329, '29-11-2021', 59, 5),
(330, '29-11-2021', 13, 6),
(331, '29-11-2021', 15, 7),
(332, '29-11-2021', 17, 8),
(333, '29-11-2021', 8, 9),
(334, '30-11-2021', 38, 1),
(335, '30-11-2021', 29, 2),
(336, '30-11-2021', 45, 3),
(337, '30-11-2021', 57, 4),
(338, '30-11-2021', 47, 5),
(339, '30-11-2021', 16, 6),
(340, '30-11-2021', 54, 7),
(341, '30-11-2021', 36, 8),
(342, '30-11-2021', 1, 9),
(343, '01-12-2021', 16, 1),
(344, '01-12-2021', 56, 2),
(345, '01-12-2021', 16, 3),
(346, '01-12-2021', 38, 4),
(347, '01-12-2021', 1, 5),
(348, '01-12-2021', 27, 6),
(349, '01-12-2021', 11, 7),
(350, '01-12-2021', 17, 8),
(351, '01-12-2021', 26, 9),
(352, '02-12-2021', 45, 1),
(353, '02-12-2021', 34, 2),
(354, '02-12-2021', 34, 3),
(355, '02-12-2021', 28, 4),
(356, '02-12-2021', 7, 5),
(357, '02-12-2021', 32, 6),
(358, '02-12-2021', 16, 7),
(359, '02-12-2021', 23, 8),
(360, '02-12-2021', 25, 9);

-- --------------------------------------------------------

--
-- Estructura de tabla para la tabla `reservation_service`
--

CREATE TABLE `reservation_service` (
  `id` bigint(20) UNSIGNED NOT NULL,
  `reservation_id` bigint(20) UNSIGNED NOT NULL,
  `service_id` bigint(20) UNSIGNED NOT NULL
) ENGINE=InnoDB DEFAULT CHARSET=utf8mb4 COLLATE=utf8mb4_unicode_ci;

--
-- Volcado de datos para la tabla `reservation_service`
--

INSERT INTO `reservation_service` (`id`, `reservation_id`, `service_id`) VALUES
(1, 1, 1),
(2, 1, 3),
(3, 2, 1),
(4, 2, 6),
(5, 3, 1),
(6, 3, 2),
(7, 4, 2),
(8, 4, 6),
(9, 5, 2),
(10, 5, 6),
(11, 6, 5),
(12, 6, 6),
(13, 7, 3),
(14, 7, 5),
(15, 8, 1),
(16, 8, 2),
(17, 9, 3),
(18, 9, 4),
(19, 10, 1),
(20, 10, 4),
(21, 11, 4),
(22, 11, 6),
(23, 12, 3),
(24, 12, 6),
(25, 13, 1),
(26, 13, 4),
(27, 14, 4),
(28, 14, 6),
(29, 15, 1),
(30, 15, 6),
(31, 16, 3),
(32, 16, 4),
(33, 17, 1),
(34, 17, 4),
(35, 18, 2),
(36, 18, 4),
(37, 19, 3),
(38, 19, 4),
(39, 20, 2),
(40, 20, 5),
(41, 21, 1),
(42, 21, 2),
(43, 22, 2),
(44, 22, 3),
(45, 23, 3),
(46, 23, 6),
(47, 24, 2),
(48, 24, 4),
(49, 25, 1),
(50, 25, 3),
(51, 26, 2),
(52, 26, 5),
(53, 27, 4),
(54, 27, 6),
(55, 28, 5),
(56, 28, 6),
(57, 29, 1),
(58, 29, 2),
(59, 30, 3),
(60, 30, 6),
(61, 31, 3),
(62, 31, 4),
(63, 32, 1),
(64, 32, 6),
(65, 33, 1),
(66, 33, 4),
(67, 34, 1),
(68, 34, 2),
(69, 35, 2),
(70, 35, 4),
(71, 36, 1),
(72, 36, 3),
(73, 37, 1),
(74, 37, 6),
(75, 38, 2),
(76, 38, 4),
(77, 39, 4),
(78, 39, 5),
(79, 40, 1),
(80, 40, 4),
(81, 41, 1),
(82, 41, 4),
(83, 42, 4),
(84, 42, 6),
(85, 43, 1),
(86, 43, 5),
(87, 44, 4),
(88, 44, 5),
(89, 45, 2),
(90, 45, 5),
(91, 46, 2),
(92, 46, 6),
(93, 47, 3),
(94, 47, 4),
(95, 48, 5),
(96, 48, 6),
(97, 49, 3),
(98, 49, 5),
(99, 50, 3),
(100, 50, 6),
(101, 51, 1),
(102, 51, 5),
(103, 52, 2),
(104, 52, 5),
(105, 53, 2),
(106, 53, 5),
(107, 54, 4),
(108, 54, 5),
(109, 55, 1),
(110, 55, 2),
(111, 56, 4),
(112, 56, 6),
(113, 57, 1),
(114, 57, 4),
(115, 58, 3),
(116, 58, 6),
(117, 59, 1),
(118, 59, 2),
(119, 60, 1),
(120, 60, 5),
(121, 61, 4),
(122, 61, 6),
(123, 62, 2),
(124, 62, 3),
(125, 63, 1),
(126, 63, 6),
(127, 64, 1),
(128, 64, 3),
(129, 65, 1),
(130, 65, 3),
(131, 66, 1),
(132, 66, 6),
(133, 67, 2),
(134, 67, 4),
(135, 68, 5),
(136, 68, 6),
(137, 69, 2),
(138, 69, 3),
(139, 70, 1),
(140, 70, 2),
(141, 71, 2),
(142, 71, 3),
(143, 72, 1),
(144, 72, 5),
(145, 73, 1),
(146, 73, 6),
(147, 74, 3),
(148, 74, 6),
(149, 75, 2),
(150, 75, 6),
(151, 76, 3),
(152, 76, 6),
(153, 77, 1),
(154, 77, 3),
(155, 78, 4),
(156, 78, 6),
(157, 79, 1),
(158, 79, 2),
(159, 80, 2),
(160, 80, 3),
(161, 81, 1),
(162, 81, 6),
(163, 82, 1),
(164, 82, 2),
(165, 83, 2),
(166, 83, 4),
(167, 84, 1),
(168, 84, 4),
(169, 85, 1),
(170, 85, 6),
(171, 86, 3),
(172, 86, 5),
(173, 87, 3),
(174, 87, 6),
(175, 88, 2),
(176, 88, 6),
(177, 89, 2),
(178, 89, 4),
(179, 90, 3),
(180, 90, 5),
(181, 91, 1),
(182, 91, 4),
(183, 92, 3),
(184, 92, 5),
(185, 93, 3),
(186, 93, 5),
(187, 94, 1),
(188, 94, 3),
(189, 95, 4),
(190, 95, 5),
(191, 96, 3),
(192, 96, 5),
(193, 97, 3),
(194, 97, 4),
(195, 98, 1),
(196, 98, 5),
(197, 99, 1),
(198, 99, 2),
(199, 100, 4),
(200, 100, 6),
(201, 101, 1),
(202, 101, 4),
(203, 102, 3),
(204, 102, 6),
(205, 103, 5),
(206, 103, 6),
(207, 104, 3),
(208, 104, 5),
(209, 105, 1),
(210, 105, 5),
(211, 106, 2),
(212, 106, 4),
(213, 107, 4),
(214, 107, 5),
(215, 108, 4),
(216, 108, 5),
(217, 109, 2),
(218, 109, 4),
(219, 110, 2),
(220, 110, 6),
(221, 111, 2),
(222, 111, 3),
(223, 112, 2),
(224, 112, 5),
(225, 113, 3),
(226, 113, 5),
(227, 114, 3),
(228, 114, 6),
(229, 115, 3),
(230, 115, 5),
(231, 116, 2),
(232, 116, 5),
(233, 117, 2),
(234, 117, 5),
(235, 118, 2),
(236, 118, 6),
(237, 119, 4),
(238, 119, 6),
(239, 120, 5),
(240, 120, 6),
(241, 121, 1),
(242, 121, 5),
(243, 122, 3),
(244, 122, 4),
(245, 123, 4),
(246, 123, 5),
(247, 124, 1),
(248, 124, 6),
(249, 125, 5),
(250, 125, 6),
(251, 126, 1),
(252, 126, 4),
(253, 127, 1),
(254, 127, 5),
(255, 128, 4),
(256, 128, 6),
(257, 129, 1),
(258, 129, 5),
(259, 130, 3),
(260, 130, 6),
(261, 131, 2),
(262, 131, 4),
(263, 132, 2),
(264, 132, 6),
(265, 133, 1),
(266, 133, 2),
(267, 134, 3),
(268, 134, 6),
(269, 135, 5),
(270, 135, 6),
(271, 136, 3),
(272, 136, 4),
(273, 137, 4),
(274, 137, 6),
(275, 138, 5),
(276, 138, 6),
(277, 139, 5),
(278, 139, 6),
(279, 140, 4),
(280, 140, 5),
(281, 141, 2),
(282, 141, 5),
(283, 142, 2),
(284, 142, 4),
(285, 143, 1),
(286, 143, 5),
(287, 144, 1),
(288, 144, 6),
(289, 145, 1),
(290, 145, 6),
(291, 146, 2),
(292, 146, 5),
(293, 147, 4),
(294, 147, 6),
(295, 148, 2),
(296, 148, 6),
(297, 149, 1),
(298, 149, 2),
(299, 150, 1),
(300, 150, 5),
(301, 151, 5),
(302, 151, 6),
(303, 152, 2),
(304, 152, 3),
(305, 153, 2),
(306, 153, 4),
(307, 154, 3),
(308, 154, 6),
(309, 155, 2),
(310, 155, 4),
(311, 156, 4),
(312, 156, 6),
(313, 157, 2),
(314, 157, 6),
(315, 158, 4),
(316, 158, 6),
(317, 159, 3),
(318, 159, 5),
(319, 160, 1),
(320, 160, 2),
(321, 161, 1),
(322, 161, 5),
(323, 162, 2),
(324, 162, 5),
(325, 163, 3),
(326, 163, 4),
(327, 164, 1),
(328, 164, 3),
(329, 165, 2),
(330, 165, 5),
(331, 166, 1),
(332, 166, 6),
(333, 167, 4),
(334, 167, 6),
(335, 168, 4),
(336, 168, 5),
(337, 169, 1),
(338, 169, 3),
(339, 170, 2),
(340, 170, 4),
(341, 171, 4),
(342, 171, 5),
(343, 172, 2),
(344, 172, 3),
(345, 173, 3),
(346, 173, 6),
(347, 174, 2),
(348, 174, 5),
(349, 175, 3),
(350, 175, 5),
(351, 176, 2),
(352, 176, 3),
(353, 177, 5),
(354, 177, 6),
(355, 178, 4),
(356, 178, 6),
(357, 179, 1),
(358, 179, 5),
(359, 180, 4),
(360, 180, 5),
(361, 181, 2),
(362, 181, 3),
(363, 182, 1),
(364, 182, 2),
(365, 183, 2),
(366, 183, 5),
(367, 184, 3),
(368, 184, 5),
(369, 185, 3),
(370, 185, 4),
(371, 186, 4),
(372, 186, 5),
(373, 187, 1),
(374, 187, 6),
(375, 188, 1),
(376, 188, 5),
(377, 189, 2),
(378, 189, 3),
(379, 190, 2),
(380, 190, 6),
(381, 191, 1),
(382, 191, 2),
(383, 192, 4),
(384, 192, 5),
(385, 193, 2),
(386, 193, 4),
(387, 194, 2),
(388, 194, 4),
(389, 195, 1),
(390, 195, 2),
(391, 196, 2),
(392, 196, 6),
(393, 197, 2),
(394, 197, 6),
(395, 198, 3),
(396, 198, 6),
(397, 199, 2),
(398, 199, 3),
(399, 200, 1),
(400, 200, 6),
(401, 201, 3),
(402, 201, 6),
(403, 202, 1),
(404, 202, 5),
(405, 203, 1),
(406, 203, 5),
(407, 204, 3),
(408, 204, 6),
(409, 205, 3),
(410, 205, 5),
(411, 206, 3),
(412, 206, 5),
(413, 207, 2),
(414, 207, 6),
(415, 208, 1),
(416, 208, 3),
(417, 209, 2),
(418, 209, 6),
(419, 210, 5),
(420, 210, 6),
(421, 211, 3),
(422, 211, 5),
(423, 212, 2),
(424, 212, 5),
(425, 213, 1),
(426, 213, 2),
(427, 214, 2),
(428, 214, 4),
(429, 215, 3),
(430, 215, 6),
(431, 216, 2),
(432, 216, 3),
(433, 217, 4),
(434, 217, 6),
(435, 218, 2),
(436, 218, 5),
(437, 219, 1),
(438, 219, 6),
(439, 220, 3),
(440, 220, 5),
(441, 221, 3),
(442, 221, 6),
(443, 222, 4),
(444, 222, 6),
(445, 223, 1),
(446, 223, 6),
(447, 224, 5),
(448, 224, 6),
(449, 225, 2),
(450, 225, 3),
(451, 226, 1),
(452, 226, 5),
(453, 227, 3),
(454, 227, 4),
(455, 228, 5),
(456, 228, 6),
(457, 229, 2),
(458, 229, 6),
(459, 230, 1),
(460, 230, 5),
(461, 231, 1),
(462, 231, 6),
(463, 232, 4),
(464, 232, 6),
(465, 233, 2),
(466, 233, 3),
(467, 234, 3),
(468, 234, 4),
(469, 235, 3),
(470, 235, 6),
(471, 236, 2),
(472, 236, 4),
(473, 237, 5),
(474, 237, 6),
(475, 238, 2),
(476, 238, 5),
(477, 239, 4),
(478, 239, 5),
(479, 240, 1),
(480, 240, 6),
(481, 241, 2),
(482, 241, 3),
(483, 242, 4),
(484, 242, 5),
(485, 243, 2),
(486, 243, 3),
(487, 244, 5),
(488, 244, 6),
(489, 245, 3),
(490, 245, 4),
(491, 246, 2),
(492, 246, 6),
(493, 247, 1),
(494, 247, 2),
(495, 248, 3),
(496, 248, 4),
(497, 249, 5),
(498, 249, 6),
(499, 250, 3),
(500, 250, 4),
(501, 251, 5),
(502, 251, 6),
(503, 252, 4),
(504, 252, 6),
(505, 253, 4),
(506, 253, 5),
(507, 254, 4),
(508, 254, 6),
(509, 255, 5),
(510, 255, 6),
(511, 256, 1),
(512, 256, 4),
(513, 257, 2),
(514, 257, 3),
(515, 258, 4),
(516, 258, 5),
(517, 259, 2),
(518, 259, 6),
(519, 260, 1),
(520, 260, 3),
(521, 261, 1),
(522, 261, 3),
(523, 262, 3),
(524, 262, 6),
(525, 263, 1),
(526, 263, 2),
(527, 264, 3),
(528, 264, 6),
(529, 265, 2),
(530, 265, 3),
(531, 266, 3),
(532, 266, 5),
(533, 267, 1),
(534, 267, 4),
(535, 268, 2),
(536, 268, 3),
(537, 269, 2),
(538, 269, 3),
(539, 270, 2),
(540, 270, 4),
(541, 271, 3),
(542, 271, 6),
(543, 272, 4),
(544, 272, 5),
(545, 273, 1),
(546, 273, 6),
(547, 274, 4),
(548, 274, 6),
(549, 275, 5),
(550, 275, 6),
(551, 276, 3),
(552, 276, 6),
(553, 277, 3),
(554, 277, 5),
(555, 278, 1),
(556, 278, 3),
(557, 279, 1),
(558, 279, 3),
(559, 280, 3),
(560, 280, 5),
(561, 281, 3),
(562, 281, 4),
(563, 282, 2),
(564, 282, 3),
(565, 283, 1),
(566, 283, 2),
(567, 284, 2),
(568, 284, 6),
(569, 285, 1),
(570, 285, 4),
(571, 286, 3),
(572, 286, 5),
(573, 287, 2),
(574, 287, 6),
(575, 288, 4),
(576, 288, 5),
(577, 289, 1),
(578, 289, 6),
(579, 290, 1),
(580, 290, 5),
(581, 291, 1),
(582, 291, 2),
(583, 292, 4),
(584, 292, 6),
(585, 293, 5),
(586, 293, 6),
(587, 294, 1),
(588, 294, 3),
(589, 295, 1),
(590, 295, 3),
(591, 296, 4),
(592, 296, 5),
(593, 297, 2),
(594, 297, 4),
(595, 298, 1),
(596, 298, 3),
(597, 299, 3),
(598, 299, 4),
(599, 300, 1),
(600, 300, 3),
(601, 301, 2),
(602, 301, 4),
(603, 302, 1),
(604, 302, 6),
(605, 303, 3),
(606, 303, 6),
(607, 304, 3),
(608, 304, 4),
(609, 305, 2),
(610, 305, 3),
(611, 306, 5),
(612, 306, 6),
(613, 307, 2),
(614, 307, 5),
(615, 308, 2),
(616, 308, 4),
(617, 309, 3),
(618, 309, 6),
(619, 310, 2),
(620, 310, 5),
(621, 311, 1),
(622, 311, 4),
(623, 312, 1),
(624, 312, 2),
(625, 313, 3),
(626, 313, 5),
(627, 314, 2),
(628, 314, 3),
(629, 315, 3),
(630, 315, 6),
(631, 316, 2),
(632, 316, 5),
(633, 317, 3),
(634, 317, 6),
(635, 318, 1),
(636, 318, 4),
(637, 319, 3),
(638, 319, 4),
(639, 320, 4),
(640, 320, 6),
(641, 321, 3),
(642, 321, 5),
(643, 322, 2),
(644, 322, 3),
(645, 323, 1),
(646, 323, 6),
(647, 324, 2),
(648, 324, 3),
(649, 325, 1),
(650, 325, 6),
(651, 326, 1),
(652, 326, 2),
(653, 327, 1),
(654, 327, 6),
(655, 328, 1),
(656, 328, 5),
(657, 329, 4),
(658, 329, 6),
(659, 330, 1),
(660, 330, 6),
(661, 331, 3),
(662, 331, 4),
(663, 332, 3),
(664, 332, 5),
(665, 333, 1),
(666, 333, 2),
(667, 334, 5),
(668, 334, 6),
(669, 335, 2),
(670, 335, 5),
(671, 336, 2),
(672, 336, 4),
(673, 337, 1),
(674, 337, 2),
(675, 338, 5),
(676, 338, 6),
(677, 339, 3),
(678, 339, 5),
(679, 340, 1),
(680, 340, 2),
(681, 341, 3),
(682, 341, 6),
(683, 342, 2),
(684, 342, 5),
(685, 343, 4),
(686, 343, 6),
(687, 344, 2),
(688, 344, 3),
(689, 345, 2),
(690, 345, 6),
(691, 346, 1),
(692, 346, 4),
(693, 347, 5),
(694, 347, 6),
(695, 348, 3),
(696, 348, 6),
(697, 349, 2),
(698, 349, 3),
(699, 350, 2),
(700, 350, 6),
(701, 351, 1),
(702, 351, 2),
(703, 352, 3),
(704, 352, 4),
(705, 353, 1),
(706, 353, 5),
(707, 354, 4),
(708, 354, 6),
(709, 355, 2),
(710, 355, 3),
(711, 356, 2),
(712, 356, 6),
(713, 357, 3),
(714, 357, 4),
(715, 358, 3),
(716, 358, 5),
(717, 359, 3),
(718, 359, 5),
(719, 360, 2),
(720, 360, 5);

-- --------------------------------------------------------

--
-- Estructura de tabla para la tabla `services`
--

CREATE TABLE `services` (
  `id` bigint(20) UNSIGNED NOT NULL,
  `name` varchar(100) COLLATE utf8mb4_unicode_ci NOT NULL,
  `description` text COLLATE utf8mb4_unicode_ci NOT NULL,
  `coste` decimal(8,2) NOT NULL
) ENGINE=InnoDB DEFAULT CHARSET=utf8mb4 COLLATE=utf8mb4_unicode_ci;

--
-- Volcado de datos para la tabla `services`
--

INSERT INTO `services` (`id`, `name`, `description`, `coste`) VALUES
(1, 'Tratamientos de animales enfermos', 'Dolores est magni iure facilis consequatur eum. Voluptatem aliquid sed sit in dolorem et fugit. Dolore voluptas et dolore aperiam dolores deserunt.', '87.62'),
(2, 'Control de enfermedades de producción', 'Alias ab qui omnis laborum facilis in quia. Ea illum ut hic eveniet. Quidem voluptatum sit magni est omnis id aut. Nesciunt sed laboriosam at.', '72.79'),
(3, 'Prevención de enfermedades', 'Labore assumenda eum quae. Doloremque sapiente deleniti voluptatum et voluptatibus consequatur nihil. Beatae rerum omnis ut at voluptates odit. Repellendus magni voluptas ut molestias.', '30.51'),
(4, 'Suministro de medicamentos y/o vacunas', 'Labore magnam inventore explicabo. Optio inventore autem eum dolores. Hic consequatur eos et sapiente qui. Quia eveniet quia modi ab porro.', '38.47'),
(5, 'Inseminación artificial', 'Pariatur quisquam velit voluptates illum. Voluptatibus rerum sunt dolorem ipsa illum. Qui consequatur itaque iusto. Occaecati minima nihil consequatur.', '70.75'),
(6, 'Protección de salud humana', 'Aperiam delectus a officia. Ut quidem voluptatum et laudantium est. Voluptatibus aut dolores unde quis quidem sed. Pariatur nisi sed dolor maiores eligendi autem consequatur.', '52.49');

-- --------------------------------------------------------

--
-- Estructura de tabla para la tabla `users`
--

CREATE TABLE `users` (
  `id` bigint(20) UNSIGNED NOT NULL,
  `ci` varchar(30) COLLATE utf8mb4_unicode_ci NOT NULL,
  `name` varchar(100) COLLATE utf8mb4_unicode_ci NOT NULL,
  `address` varchar(255) COLLATE utf8mb4_unicode_ci NOT NULL,
  `phone` varchar(30) COLLATE utf8mb4_unicode_ci NOT NULL,
  `email` varchar(255) COLLATE utf8mb4_unicode_ci NOT NULL,
  `password` varchar(255) COLLATE utf8mb4_unicode_ci NOT NULL,
  `role` varchar(20) COLLATE utf8mb4_unicode_ci NOT NULL,
  `path` varchar(255) COLLATE utf8mb4_unicode_ci NOT NULL,
  `email_verified_at` timestamp NULL DEFAULT NULL,
  `remember_token` varchar(100) COLLATE utf8mb4_unicode_ci DEFAULT NULL
) ENGINE=InnoDB DEFAULT CHARSET=utf8mb4 COLLATE=utf8mb4_unicode_ci;

--
-- Volcado de datos para la tabla `users`
--


INSERT INTO `users` (`id`, `ci`, `name`, `address`, `phone`, `email`, `password`, `role`, `path`, `email_verified_at`, `remember_token`) VALUES
(1, '1382934', 'Callie Ankunding', '58103 Zander Meadow Suite 792\nKuvalisview, MI 77393', '781-513-5835', 'admin@admin.com', '$2y$10$Bbx0Oo6d25SvvxgiW2BWwOTTQWRfW8BO40V5XKOMOAplGGjOomyEi', 'admin', 'users/41acce661b88068911f76972c6646163.png', '2021-11-28 10:41:26', 'CEztFigv6h'),
(2, '3029776', 'Hildegard Schroeder', '1952 Heidenreich Ridges\nSusannashire, AL 09832', '+1 (252) 454-6283', 'selina.davis@example.com', '$2y$10$92IXUNpkjO0rOQ5byMi.Ye4oKoEa3Ro9llC/.og/at2.uheWG/igi', 'user', 'users/3dbb9fca60430e9398f784a31b6f3151.png', '2021-11-28 10:41:26', 'Rs9dtclOCS'),
(3, '9553372', 'Gay Rippin', '138 Smitham Path\nSouth Kellieport, NM 51395-4036', '+13803181905', 'hreynolds@example.org', '$2y$10$92IXUNpkjO0rOQ5byMi.Ye4oKoEa3Ro9llC/.og/at2.uheWG/igi', 'user', 'users/0aa94c9bfc2c0b242e9261a71a273ac5.png', '2021-11-28 10:41:26', 'Dqh7D45A9P'),
(4, '5763193', 'Brycen McKenzie', '448 Glover Cape\nWest Nicola, OH 96694-4641', '817-406-1609', 'bernhard.rhiannon@example.com', '$2y$10$92IXUNpkjO0rOQ5byMi.Ye4oKoEa3Ro9llC/.og/at2.uheWG/igi', 'user', 'users/c293f59b1c63f7477e1d8b95e56c31dd.png', '2021-11-28 10:41:26', 'FTacaES4IX'),
(5, '6736830', 'Prof. Manuel Bogisich', '7085 Funk Village Apt. 629\nWest Chesleyview, MN 83932', '(570) 336-3076', 'rylan82@example.com', '$2y$10$92IXUNpkjO0rOQ5byMi.Ye4oKoEa3Ro9llC/.og/at2.uheWG/igi', 'doctor', 'users/0f110de3370dc0ec010dc9f5de54e7ab.png', '2021-11-28 10:41:27', '6Fbf6Y9Rne'),
(6, '8644286', 'Liana Schuppe', '3951 Bradly Skyway\nAraborough, AZ 27974', '386.803.1712', 'trantow.triston@example.net', '$2y$10$92IXUNpkjO0rOQ5byMi.Ye4oKoEa3Ro9llC/.og/at2.uheWG/igi', 'doctor', 'users/643fab065c2b103f09446cb0a0b16549.png', '2021-11-28 10:41:27', 'BC4dXB2jP3'),
(7, '6881196', 'Tara Waters', '41913 Olson Forest Suite 700\nSouth Rashawnchester, KS 54470', '1-872-644-9214', 'russel.lourdes@example.com', '$2y$10$92IXUNpkjO0rOQ5byMi.Ye4oKoEa3Ro9llC/.og/at2.uheWG/igi', 'user', 'users/1ec198c4729ae7acd0e9862ba5cf99e4.png', '2021-11-28 10:41:27', '0IwukwNcV2'),
(8, '3740732', 'Hyman Prosacco', '735 Schaefer Plain Apt. 205\nNew Damonshire, DC 36858-6930', '(985) 285-8636', 'adickinson@example.net', '$2y$10$92IXUNpkjO0rOQ5byMi.Ye4oKoEa3Ro9llC/.og/at2.uheWG/igi', 'doctor', 'users/2ed20987e625af6347b8215e0eb8c527.png', '2021-11-28 10:41:27', 'EYzPWQkz9Z'),
(9, '1999959', 'Emmanuelle Quitzon DDS', '37479 Cynthia Estates Suite 066\nIsaacbury, NJ 13402', '1-934-257-2097', 'gust94@example.net', '$2y$10$92IXUNpkjO0rOQ5byMi.Ye4oKoEa3Ro9llC/.og/at2.uheWG/igi', 'doctor', 'users/45ef86d786cc8afeb57fbf3fddd7b359.png', '2021-11-28 10:41:27', 'CVGJyGpx6B'),
(10, '1481329', 'Augusta Robel', '180 Reinhold Keys Suite 205\nNorth Elinor, ND 30868-4321', '+1 (838) 439-6145', 'malika50@example.com', '$2y$10$92IXUNpkjO0rOQ5byMi.Ye4oKoEa3Ro9llC/.og/at2.uheWG/igi', 'doctor', 'users/bda41a842c99dfe4f15be575575795fd.png', '2021-11-28 10:41:28', 'ttjCfuS1rD'),
(11, '7357157', 'Dudley Blanda', '67080 Rickie Point\nEast Winfieldchester, NY 78053', '+1-312-383-5944', 'elvera62@example.org', '$2y$10$92IXUNpkjO0rOQ5byMi.Ye4oKoEa3Ro9llC/.og/at2.uheWG/igi', 'doctor', 'users/1cb7d1164474c7314eb665c8861b0725.png', '2021-11-28 10:41:28', 'XM2yrvrB5F'),
(12, '2719647', 'Michelle Upton', '698 Roberts Grove\nWest Amos, CA 88075-4519', '628.218.7354', 'celine.mante@example.org', '$2y$10$92IXUNpkjO0rOQ5byMi.Ye4oKoEa3Ro9llC/.og/at2.uheWG/igi', 'doctor', 'users/d085ebe726db7a780b77451d43ed88a2.png', '2021-11-28 10:41:28', '4LxJSL6j5B'),
(13, '5048727', 'Kristina Pouros', '417 Cassin Parkways Suite 292\nNew Baron, AL 26360-9511', '+1.850.344.9774', 'mabel87@example.org', '$2y$10$92IXUNpkjO0rOQ5byMi.Ye4oKoEa3Ro9llC/.og/at2.uheWG/igi', 'doctor', 'users/64ef9b0ca67c28726ebd6ce7ad2df840.png', '2021-11-28 10:41:28', 'rYOWXjfm4L'),
(14, '2542949', 'Timothy Nitzsche', '31021 Eladio Canyon\nAbnerberg, AL 32227', '+1-831-882-5616', 'lourdes.hegmann@example.net', '$2y$10$92IXUNpkjO0rOQ5byMi.Ye4oKoEa3Ro9llC/.og/at2.uheWG/igi', 'auxiliary', 'users/4a08c073180a8d8518b7698a71e1a118.png', '2021-11-28 10:41:28', 'jxraWDUyZZ'),
(15, '9378680', 'Alverta Stehr Jr.', '7993 Bahringer Bridge\nParkertown, NM 67367', '+1-715-729-7172', 'delaney21@example.net', '$2y$10$92IXUNpkjO0rOQ5byMi.Ye4oKoEa3Ro9llC/.og/at2.uheWG/igi', 'doctor', 'users/b6e513fd954c8c3e4d1258a8ac724940.png', '2021-11-28 10:41:29', 'BSSizFVXVW'),
(16, '5403558', 'Sidney Lehner', '513 Monte Meadow Suite 073\nEthahaven, MS 76740', '+1 (458) 373-6966', 'kblick@example.net', '$2y$10$92IXUNpkjO0rOQ5byMi.Ye4oKoEa3Ro9llC/.og/at2.uheWG/igi', 'doctor', 'users/ca0ab8f33f7bf62111ef38dbf1058293.png', '2021-11-28 10:41:29', 'yc8KsiCmm3'),
(17, '9783079', 'Armando Bechtelar', '1146 Dietrich Mills\nDeonteside, IN 51168', '+1 (938) 204-4230', 'marisa.swift@example.net', '$2y$10$92IXUNpkjO0rOQ5byMi.Ye4oKoEa3Ro9llC/.og/at2.uheWG/igi', 'user', 'users/14e0d79e57930e2ed65e759d8177f66a.png', '2021-11-28 10:41:29', '0vlbmcvvG9'),
(18, '3315982', 'Josue Lind', '1246 Grant Alley\nEast Lazaroside, WI 50684-7070', '(480) 396-7157', 'hkautzer@example.org', '$2y$10$92IXUNpkjO0rOQ5byMi.Ye4oKoEa3Ro9llC/.og/at2.uheWG/igi', 'doctor', 'users/e335de39af1b5103e73fcdee17653b8d.png', '2021-11-28 10:41:29', 'hmi4P8qDNy'),
(19, '7901475', 'Prof. Jerrell Dibbert V', '647 Marcelle Gardens\nIsomview, MI 63757', '(854) 844-0276', 'jcorwin@example.net', '$2y$10$92IXUNpkjO0rOQ5byMi.Ye4oKoEa3Ro9llC/.og/at2.uheWG/igi', 'doctor', 'users/d88a0a564efb94638107cf31dd1ea368.png', '2021-11-28 10:41:29', 'YYW8kPteFO'),
(20, '9601038', 'Mrs. Lorna Bradtke DVM', '9517 Daniel Grove\nEast Janebury, ME 59431-6461', '339.272.6724', 'tmurphy@example.net', '$2y$10$92IXUNpkjO0rOQ5byMi.Ye4oKoEa3Ro9llC/.og/at2.uheWG/igi', 'doctor', 'users/de196c1fa4c38f2e9a68c78ce423dd4f.png', '2021-11-28 10:41:30', 'KizcPNiPQ2'),
(21, '8537607', 'Valentine Bartell IV', '71941 Ocie Circles Apt. 823\nSouth Shanna, TN 74666', '248.635.7869', 'ebruen@example.com', '$2y$10$92IXUNpkjO0rOQ5byMi.Ye4oKoEa3Ro9llC/.og/at2.uheWG/igi', 'user', 'users/7ed9ef5a945e22282e8db47b7558b3fa.png', '2021-11-28 10:41:30', '4n7BINNh4f'),
(22, '5369585', 'Prof. Amara Lueilwitz IV', '8165 Schaden Union\nPort Elzahaven, NM 70248-8729', '409.341.6486', 'marilou95@example.com', '$2y$10$92IXUNpkjO0rOQ5byMi.Ye4oKoEa3Ro9llC/.og/at2.uheWG/igi', 'user', 'users/8156fa3fffc65db1f5820cf9d41320ee.png', '2021-11-28 10:41:30', 'vwOZTxFmVm'),
(23, '7133130', 'Maryjane Conn I', '68389 Eloise Valleys Suite 887\nArelyborough, MS 63842', '+14792260642', 'yost.theresia@example.com', '$2y$10$92IXUNpkjO0rOQ5byMi.Ye4oKoEa3Ro9llC/.og/at2.uheWG/igi', 'auxiliary', 'users/42c28e9abcbace9225f0e449781240d5.png', '2021-11-28 10:41:30', 'VkL7E275G5'),
(24, '3281639', 'Sydney Bechtelar', '1520 Kerluke Walk Suite 271\nPort Elinorstad, MD 74009', '+12624790114', 'vladimir83@example.net', '$2y$10$92IXUNpkjO0rOQ5byMi.Ye4oKoEa3Ro9llC/.og/at2.uheWG/igi', 'user', 'users/65d4d6520529c7509d1b82c24a1cb3b6.png', '2021-11-28 10:41:30', 'MC1zRbUOux'),
(25, '9994989', 'Jakayla Simonis', '6336 Jakubowski Pike\nFelixshire, MO 60958-4313', '1-719-879-1112', 'gmertz@example.org', '$2y$10$92IXUNpkjO0rOQ5byMi.Ye4oKoEa3Ro9llC/.og/at2.uheWG/igi', 'user', 'users/2f113b72384efb272569f0eaf5b41ae0.png', '2021-11-28 10:41:31', 'bRtP3bVRs3'),
(26, '3554010', 'Geo Walter', '74857 Greenfelder Isle Apt. 099\nBoganbury, ND 65433', '+1.986.567.2292', 'ubarrows@example.com', '$2y$10$92IXUNpkjO0rOQ5byMi.Ye4oKoEa3Ro9llC/.og/at2.uheWG/igi', 'doctor', 'users/9c97f6a1711924fc76f709d9ef6687e0.png', '2021-11-28 10:41:31', 'tdBrqOlhoT'),
(27, '4690707', 'Joe Lebsack', '471 Predovic Crossing\nLake Angelinatown, GA 38652-5055', '678.747.0110', 'violette88@example.com', '$2y$10$92IXUNpkjO0rOQ5byMi.Ye4oKoEa3Ro9llC/.og/at2.uheWG/igi', 'doctor', 'users/540686e9e5516bb93e9e8663598194ac.png', '2021-11-28 10:41:31', 'Oj6YAKu21h'),
(28, '6013342', 'Samson Kuhic', '8630 Yost Plains Apt. 083\nDeltaland, NH 82268-4049', '254.746.7611', 'zachery32@example.com', '$2y$10$92IXUNpkjO0rOQ5byMi.Ye4oKoEa3Ro9llC/.og/at2.uheWG/igi', 'auxiliary', 'users/0c1a21109e67048f2c83f89ca38f2d4a.png', '2021-11-28 10:41:31', '4iyreIZyMm'),
(29, '5994788', 'Darien Sawayn Sr.', '32378 Allen Pine\nLeonelstad, OK 19650', '1-564-697-5973', 'antwon.volkman@example.com', '$2y$10$92IXUNpkjO0rOQ5byMi.Ye4oKoEa3Ro9llC/.og/at2.uheWG/igi', 'auxiliary', 'users/42d5736bcd19d847ad6d704a69aad826.png', '2021-11-28 10:41:31', 'AjXjRuTVZZ'),
(30, '4293232', 'Lorenz Erdman PhD', '94403 Wolf Valley\nEast Einoside, NE 61763', '223-653-2148', 'ikertzmann@example.net', '$2y$10$92IXUNpkjO0rOQ5byMi.Ye4oKoEa3Ro9llC/.og/at2.uheWG/igi', 'user', 'users/7c04065f6fe23591130e3c1347fef6b7.png', '2021-11-28 10:41:32', '680kVTf9Bs'),
(31, '2076739', 'Dr. Kathleen Spinka II', '903 Kari Route\nNoemyview, GA 24335', '+1 (743) 314-5296', 'magali.quigley@example.com', '$2y$10$92IXUNpkjO0rOQ5byMi.Ye4oKoEa3Ro9llC/.og/at2.uheWG/igi', 'doctor', 'users/d29db76628418bf08849c3c243dfbc27.png', '2021-11-28 10:41:32', 'XGRYbeenyv'),
(32, '2117269', 'Freddy Brakus MD', '2811 Miracle Locks\nKertzmannshire, AR 74225', '+1.480.913.6373', 'thaag@example.net', '$2y$10$92IXUNpkjO0rOQ5byMi.Ye4oKoEa3Ro9llC/.og/at2.uheWG/igi', 'doctor', 'users/779a0da55c3265d8470586c49aeed9bf.png', '2021-11-28 10:41:32', '4FOqGERbBq'),
(33, '3035040', 'Deron Abbott', '214 Gusikowski Pine Apt. 462\nEast Maevefort, RI 94023', '650-579-3011', 'jamie.collins@example.org', '$2y$10$92IXUNpkjO0rOQ5byMi.Ye4oKoEa3Ro9llC/.og/at2.uheWG/igi', 'user', 'users/6ee9f6cf59a74f751a0e3dca9ab0375b.png', '2021-11-28 10:41:32', 'dFYSuv1cc6'),
(34, '7490866', 'Gilbert Hauck DVM', '262 Meagan Path\nMackshire, MN 76023-3230', '480-292-5186', 'meta.zieme@example.com', '$2y$10$92IXUNpkjO0rOQ5byMi.Ye4oKoEa3Ro9llC/.og/at2.uheWG/igi', 'auxiliary', 'users/ade04f016ed9651db0749644c3b2d022.png', '2021-11-28 10:41:32', 'E1BRC8n8oa'),
(35, '6848776', 'Karson Little', '689 Cody Flats Apt. 315\nNew Matildefort, NM 44519', '+1-661-506-1075', 'natalia.spinka@example.com', '$2y$10$92IXUNpkjO0rOQ5byMi.Ye4oKoEa3Ro9llC/.og/at2.uheWG/igi', 'user', 'users/80433701f4745653fc13e731008591a7.png', '2021-11-28 10:41:32', 'f31FpPqCi6'),
(36, '1345345', 'Donna Koepp', '567 Erick Terrace Suite 515\nWest Aglae, NV 40743', '754-564-7278', 'ecartwright@example.net', '$2y$10$92IXUNpkjO0rOQ5byMi.Ye4oKoEa3Ro9llC/.og/at2.uheWG/igi', 'doctor', 'users/5b07f107a5a13d330c597980a195e618.png', '2021-11-28 10:41:33', '5MtCF5G6mx'),
(37, '7153596', 'Marielle Zieme', '9702 Orn Plain Suite 514\nWiegandport, MO 52135-4455', '1-279-734-1280', 'bartholome.lockman@example.com', '$2y$10$92IXUNpkjO0rOQ5byMi.Ye4oKoEa3Ro9llC/.og/at2.uheWG/igi', 'auxiliary', 'users/73bd9a32582d5314986d1037c2877593.png', '2021-11-28 10:41:33', 'AIBC4OUxYK'),
(38, '4072382', 'Geraldine Mills', '97614 Stanton Groves\nCarmenview, KS 93288', '+1 (812) 567-8644', 'wallace.schiller@example.org', '$2y$10$92IXUNpkjO0rOQ5byMi.Ye4oKoEa3Ro9llC/.og/at2.uheWG/igi', 'user', 'users/e5c9fe112ffb5b8824b3c6a22c0676fc.png', '2021-11-28 10:41:33', '5WWkMIKh47'),
(39, '1024678', 'Missouri Lang', '146 Katelyn Ridge Suite 592\nLowellmouth, LA 38777', '+1-540-544-8745', 'joy26@example.org', '$2y$10$92IXUNpkjO0rOQ5byMi.Ye4oKoEa3Ro9llC/.og/at2.uheWG/igi', 'doctor', 'users/32e1967a4370d1fca5718f6e96309d32.png', '2021-11-28 10:41:33', '6tcJctKITL'),
(40, '6739614', 'Dr. Cicero Hyatt', '5582 Preston Union Suite 077\nEast Ona, VT 84125', '743.303.3032', 'perry79@example.net', '$2y$10$92IXUNpkjO0rOQ5byMi.Ye4oKoEa3Ro9llC/.og/at2.uheWG/igi', 'user', 'users/7ac6a370e2681046779264a2fe7d038a.png', '2021-11-28 10:41:33', '1ZDiTQk3n1'),
(41, '5687660', 'Miss Delia Wintheiser', '343 Ledner Mews\nWest Eraview, NE 01399-0294', '+1.931.255.2748', 'jesse.wisoky@example.com', '$2y$10$92IXUNpkjO0rOQ5byMi.Ye4oKoEa3Ro9llC/.og/at2.uheWG/igi', 'auxiliary', 'users/0fb42f66c9089d098d46530b399d4373.png', '2021-11-28 10:41:34', 'Ksippc6Dbx'),
(42, '5311339', 'Prof. Rigoberto Fahey', '878 Emmerich Fork\nLethaland, TX 57326-1655', '+1-463-992-7119', 'deshaun.champlin@example.com', '$2y$10$92IXUNpkjO0rOQ5byMi.Ye4oKoEa3Ro9llC/.og/at2.uheWG/igi', 'user', 'users/12164e8b0a3a5d2af509742fe6bc713d.png', '2021-11-28 10:41:34', 'xgUWW62ByH'),
(43, '9008583', 'Prof. Gilda Swift', '10901 Schroeder Islands\nKarlmouth, CA 46903-7571', '(239) 252-8794', 'bashirian.winfield@example.com', '$2y$10$92IXUNpkjO0rOQ5byMi.Ye4oKoEa3Ro9llC/.og/at2.uheWG/igi', 'user', 'users/e1679fcacd8761668b8abd76da0f6232.png', '2021-11-28 10:41:34', 'uQdFu6DFVr'),
(44, '9000787', 'Santiago McGlynn', '94452 Raynor Circle\nLake Ilaland, TX 14487-3883', '281-201-4789', 'tillman.imogene@example.org', '$2y$10$92IXUNpkjO0rOQ5byMi.Ye4oKoEa3Ro9llC/.og/at2.uheWG/igi', 'auxiliary', 'users/1fffde2bbf8bc286945819ef18452e46.png', '2021-11-28 10:41:34', 'rPmXKjmkyo'),
(45, '1775251', 'Leonora Lowe', '72429 Kuhn Square Apt. 486\nWest Madysonfurt, WA 29366-4062', '+1-980-294-9222', 'pflatley@example.net', '$2y$10$92IXUNpkjO0rOQ5byMi.Ye4oKoEa3Ro9llC/.og/at2.uheWG/igi', 'doctor', 'users/87049000702946590403629c879080be.png', '2021-11-28 10:41:34', 'Iq07KQVd6o'),
(46, '4002313', 'Mrs. Anika Vandervort', '892 Riley Walk Suite 525\nLake Norrisstad, CT 09752-2300', '+1-316-977-7291', 'florian.yost@example.org', '$2y$10$92IXUNpkjO0rOQ5byMi.Ye4oKoEa3Ro9llC/.og/at2.uheWG/igi', 'user', 'users/ec76a5d1f0e3ce805badb450cac203a4.png', '2021-11-28 10:41:35', 'aMRcPgX0Eg'),
(47, '3426044', 'Dedric Koss', '143 Volkman Station Suite 249\nNorth Hillaryport, OH 85560-7376', '+1.531.489.7363', 'astrid.mccullough@example.org', '$2y$10$92IXUNpkjO0rOQ5byMi.Ye4oKoEa3Ro9llC/.og/at2.uheWG/igi', 'auxiliary', 'users/2bde013808774258ecfc1d91cf42be1a.png', '2021-11-28 10:41:35', 'OkiVpCmTmc'),
(48, '5433135', 'Miss America Torphy', '2025 Marilie Fields\nAidanborough, AZ 91151-7044', '1-786-672-2973', 'nemmerich@example.com', '$2y$10$92IXUNpkjO0rOQ5byMi.Ye4oKoEa3Ro9llC/.og/at2.uheWG/igi', 'doctor', 'users/c0ac004d1532bb6d53c38445d2443fc2.png', '2021-11-28 10:41:35', 'Hv3yNNo9V3'),
(49, '2554405', 'Yasmin Lubowitz DVM', '682 Luettgen Harbor Suite 615\nNew Itzelburgh, CT 28715', '+1-828-353-1953', 'magnus66@example.net', '$2y$10$92IXUNpkjO0rOQ5byMi.Ye4oKoEa3Ro9llC/.og/at2.uheWG/igi', 'user', 'users/461df3b3a40c65874f4b796d40d85728.png', '2021-11-28 10:41:35', 'qcUAEWDbqi'),
(50, '1283509', 'Imani Stamm', '39023 Jakayla Islands\nChristinaland, HI 18014', '+1.217.376.4332', 'gleichner.lera@example.org', '$2y$10$92IXUNpkjO0rOQ5byMi.Ye4oKoEa3Ro9llC/.og/at2.uheWG/igi', 'user', 'users/bef06f70fab7515709c1b271cb397f1f.png', '2021-11-28 10:41:35', 'tRpPkPwovI'),
(51, '7472604', 'Miss Delilah Rau', '96859 Nico Skyway\nSouth Feliciaview, MS 99427-1013', '1-878-681-1974', 'steve.marks@example.org', '$2y$10$92IXUNpkjO0rOQ5byMi.Ye4oKoEa3Ro9llC/.og/at2.uheWG/igi', 'doctor', 'users/b2c74e85c749c3668693a2f8f1a31a81.png', '2021-11-28 10:41:36', 'wf65uzf1jT'),
(52, '4199709', 'Winnifred Wuckert', '4985 Gideon Turnpike\nAnitaberg, NJ 86261-7247', '+1 (979) 477-0436', 'giovanna66@example.org', '$2y$10$92IXUNpkjO0rOQ5byMi.Ye4oKoEa3Ro9llC/.og/at2.uheWG/igi', 'user', 'users/6664392ab908d4870585cc97d3c1266a.png', '2021-11-28 10:41:36', 'PPJlC7xgzV'),
(53, '9354962', 'Brant Koch', '944 Ryder Haven\nGleasonland, KY 87583-8594', '+1-872-676-3151', 'tremblay.mauricio@example.com', '$2y$10$92IXUNpkjO0rOQ5byMi.Ye4oKoEa3Ro9llC/.og/at2.uheWG/igi', 'auxiliary', 'users/bfb9fe3c08e01c9a92e48e000e1bc1d3.png', '2021-11-28 10:41:36', 'qJYBRZYgMk'),
(54, '2126554', 'Dr. Cade Cremin', '31624 Baumbach Fields Apt. 422\nTerrancemouth, IA 36219', '1-253-521-6488', 'mitchell.johnson@example.net', '$2y$10$92IXUNpkjO0rOQ5byMi.Ye4oKoEa3Ro9llC/.og/at2.uheWG/igi', 'user', 'users/0e1e136d53b8940feac68e881da1145d.png', '2021-11-28 10:41:36', 'H3k5aFcCB7'),
(55, '5782481', 'Kaylie Effertz DDS', '91040 Morar Trafficway Suite 346\nBatzport, KY 34165', '+1.347.738.0708', 'vtrantow@example.com', '$2y$10$92IXUNpkjO0rOQ5byMi.Ye4oKoEa3Ro9llC/.og/at2.uheWG/igi', 'doctor', 'users/a01e84834700162281e64c8c31251758.png', '2021-11-28 10:41:36', 'o63o8nGC5Y'),
(56, '2781194', 'Prof. Dillon Schuppe PhD', '413 Vernice Extension Suite 409\nOkunevafurt, FL 14654-0829', '(828) 204-0087', 'skiles.iliana@example.com', '$2y$10$92IXUNpkjO0rOQ5byMi.Ye4oKoEa3Ro9llC/.og/at2.uheWG/igi', 'auxiliary', 'users/c42465a1b3ec14951502cfe1fb78d579.png', '2021-11-28 10:41:36', 'gu2gnXSqWY'),
(57, '8051741', 'Kaitlin Auer', '51498 Justus Ville\nNew Nick, VA 78997-9749', '925.493.2550', 'kdavis@example.org', '$2y$10$92IXUNpkjO0rOQ5byMi.Ye4oKoEa3Ro9llC/.og/at2.uheWG/igi', 'doctor', 'users/eef60b52504589d2ea3abd35fd55f2ee.png', '2021-11-28 10:41:37', 'CuNUCph2LA'),
(58, '1736344', 'Marcel Schoen', '17437 Williamson Alley\nNew Imelda, MT 84360', '951-412-0267', 'matilde51@example.org', '$2y$10$92IXUNpkjO0rOQ5byMi.Ye4oKoEa3Ro9llC/.og/at2.uheWG/igi', 'doctor', 'users/2fbabceaf132bd13175c9650a912a5ad.png', '2021-11-28 10:41:37', 'Fp1qdxP28W'),
(59, '7686116', 'Rene Ledner', '4619 Lueilwitz Mountains\nMoenside, NY 60101', '1-985-957-0258', 'khalil07@example.org', '$2y$10$92IXUNpkjO0rOQ5byMi.Ye4oKoEa3Ro9llC/.og/at2.uheWG/igi', 'auxiliary', 'users/05e1de3e43cfcf8e93ae30d69374dc6b.png', '2021-11-28 10:41:37', '340ANEVrDA'),
(60, '5479626', 'Gardner Becker', '63945 Hauck Hill Apt. 240\nPort Derekberg, SC 29469-6454', '1-801-209-4549', 'eldora.sporer@example.com', '$2y$10$92IXUNpkjO0rOQ5byMi.Ye4oKoEa3Ro9llC/.og/at2.uheWG/igi', 'auxiliary', 'users/74115ec869174ff72128c548278be008.png', '2021-11-28 10:41:37', 'DkDa6DEjLq'),
(61, '2662781', 'Graham Pfannerstill', '77634 Demetrius Port\nConnton, CT 54973-9887', '+1-520-316-0984', 'anika87@example.org', '$2y$10$92IXUNpkjO0rOQ5byMi.Ye4oKoEa3Ro9llC/.og/at2.uheWG/igi', 'user', 'users/4237f9ab67cbfcc5a88d09224810ba11.png', '2021-11-28 10:41:37', 'tLpIdMChCM');

--
-- Índices para tablas volcadas
--

--
-- Indices de la tabla `attention_details`
--
ALTER TABLE `attention_details`
  ADD PRIMARY KEY (`id`),
  ADD KEY `attention_details_history_id_foreign` (`history_id`),
  ADD KEY `attention_details_reservation_id_foreign` (`reservation_id`);

--
-- Indices de la tabla `histories`
--
ALTER TABLE `histories`
  ADD PRIMARY KEY (`id`),
  ADD UNIQUE KEY `histories_pet_id_unique` (`pet_id`),
  ADD KEY `histories_user_id_foreign` (`user_id`);

--
-- Indices de la tabla `hours`
--
ALTER TABLE `hours`
  ADD PRIMARY KEY (`id`);

--
-- Indices de la tabla `pets`
--
ALTER TABLE `pets`
  ADD PRIMARY KEY (`id`),
  ADD KEY `pets_user_id_foreign` (`user_id`);

--
-- Indices de la tabla `queries`
--
ALTER TABLE `queries`
  ADD PRIMARY KEY (`id`),
  ADD KEY `queries_user_id_foreign` (`user_id`);

--
-- Indices de la tabla `reservations`
--
ALTER TABLE `reservations`
  ADD PRIMARY KEY (`id`),
  ADD UNIQUE KEY `reservations_hour_id_reservation_date_unique` (`hour_id`,`reservation_date`),
  ADD KEY `reservations_user_id_foreign` (`user_id`);

--
-- Indices de la tabla `reservation_service`
--
ALTER TABLE `reservation_service`
  ADD PRIMARY KEY (`id`),
  ADD KEY `reservation_service_reservation_id_foreign` (`reservation_id`),
  ADD KEY `reservation_service_service_id_foreign` (`service_id`);

--
-- Indices de la tabla `services`
--
ALTER TABLE `services`
  ADD PRIMARY KEY (`id`);

--
-- Indices de la tabla `users`
--
ALTER TABLE `users`
  ADD PRIMARY KEY (`id`),
  ADD UNIQUE KEY `users_email_unique` (`email`);

--
-- AUTO_INCREMENT de las tablas volcadas
--

--
-- AUTO_INCREMENT de la tabla `attention_details`
--
ALTER TABLE `attention_details`
  MODIFY `id` bigint(20) UNSIGNED NOT NULL AUTO_INCREMENT, AUTO_INCREMENT=119;

--
-- AUTO_INCREMENT de la tabla `histories`
--
ALTER TABLE `histories`
  MODIFY `id` bigint(20) UNSIGNED NOT NULL AUTO_INCREMENT, AUTO_INCREMENT=119;

--
-- AUTO_INCREMENT de la tabla `hours`
--
ALTER TABLE `hours`
  MODIFY `id` bigint(20) UNSIGNED NOT NULL AUTO_INCREMENT, AUTO_INCREMENT=10;

--
-- AUTO_INCREMENT de la tabla `pets`
--
ALTER TABLE `pets`
  MODIFY `id` bigint(20) UNSIGNED NOT NULL AUTO_INCREMENT, AUTO_INCREMENT=119;

--
-- AUTO_INCREMENT de la tabla `queries`
--
ALTER TABLE `queries`
  MODIFY `id` bigint(20) UNSIGNED NOT NULL AUTO_INCREMENT, AUTO_INCREMENT=46;

--
-- AUTO_INCREMENT de la tabla `reservations`
--
ALTER TABLE `reservations`
  MODIFY `id` bigint(20) UNSIGNED NOT NULL AUTO_INCREMENT, AUTO_INCREMENT=361;

--
-- AUTO_INCREMENT de la tabla `reservation_service`
--
ALTER TABLE `reservation_service`
  MODIFY `id` bigint(20) UNSIGNED NOT NULL AUTO_INCREMENT, AUTO_INCREMENT=721;

--
-- AUTO_INCREMENT de la tabla `services`
--
ALTER TABLE `services`
  MODIFY `id` bigint(20) UNSIGNED NOT NULL AUTO_INCREMENT, AUTO_INCREMENT=7;

--
-- AUTO_INCREMENT de la tabla `users`
--
ALTER TABLE `users`
  MODIFY `id` bigint(20) UNSIGNED NOT NULL AUTO_INCREMENT, AUTO_INCREMENT=62;

--
-- Restricciones para tablas volcadas
--

--
-- Filtros para la tabla `attention_details`
--
ALTER TABLE `attention_details`
  ADD CONSTRAINT `attention_details_history_id_foreign` FOREIGN KEY (`history_id`) REFERENCES `histories` (`id`) ON DELETE CASCADE,
  ADD CONSTRAINT `attention_details_reservation_id_foreign` FOREIGN KEY (`reservation_id`) REFERENCES `reservations` (`id`) ON DELETE CASCADE;

--
-- Filtros para la tabla `histories`
--
ALTER TABLE `histories`
  ADD CONSTRAINT `histories_pet_id_foreign` FOREIGN KEY (`pet_id`) REFERENCES `pets` (`id`) ON DELETE CASCADE,
  ADD CONSTRAINT `histories_user_id_foreign` FOREIGN KEY (`user_id`) REFERENCES `users` (`id`) ON DELETE CASCADE;

--
-- Filtros para la tabla `pets`
--
ALTER TABLE `pets`
  ADD CONSTRAINT `pets_user_id_foreign` FOREIGN KEY (`user_id`) REFERENCES `users` (`id`) ON DELETE CASCADE;

--
-- Filtros para la tabla `queries`
--
ALTER TABLE `queries`
  ADD CONSTRAINT `queries_user_id_foreign` FOREIGN KEY (`user_id`) REFERENCES `users` (`id`) ON DELETE CASCADE;

--
-- Filtros para la tabla `reservations`
--
ALTER TABLE `reservations`
  ADD CONSTRAINT `reservations_hour_id_foreign` FOREIGN KEY (`hour_id`) REFERENCES `hours` (`id`) ON DELETE CASCADE,
  ADD CONSTRAINT `reservations_user_id_foreign` FOREIGN KEY (`user_id`) REFERENCES `users` (`id`) ON DELETE CASCADE;

--
-- Filtros para la tabla `reservation_service`
--
ALTER TABLE `reservation_service`
  ADD CONSTRAINT `reservation_service_reservation_id_foreign` FOREIGN KEY (`reservation_id`) REFERENCES `reservations` (`id`) ON DELETE CASCADE,
  ADD CONSTRAINT `reservation_service_service_id_foreign` FOREIGN KEY (`service_id`) REFERENCES `services` (`id`) ON DELETE CASCADE;
COMMIT;

/*!40101 SET CHARACTER_SET_CLIENT=@OLD_CHARACTER_SET_CLIENT */;
/*!40101 SET CHARACTER_SET_RESULTS=@OLD_CHARACTER_SET_RESULTS */;
/*!40101 SET COLLATION_CONNECTION=@OLD_COLLATION_CONNECTION */;
